last_name,first_name,player_id,year,b_ab,batting_avg,slg_percent,on_base_percent,xba,xslg,xwoba,xobp,xiso,xwobacon,xbacon,exit_velocity_avg,launch_angle_avg,barrel_batted_rate,hard_hit_percent
Blackmon,Charlie,453568,2023,87,0.276,0.414,0.394,0.26,0.437,0.366,0.381,0.177,0.356,0.31,84.5,17,8.2,27.4
Turner,Justin,457759,2023,95,0.274,0.389,0.381,0.259,0.452,0.361,0.369,0.193,0.346,0.297,90.6,17,3.6,39.8
Santana,Carlos,467793,2023,92,0.261,0.413,0.34,0.258,0.374,0.318,0.337,0.116,0.343,0.325,89.8,12.5,6.8,38.4
Goldschmidt,Paul,502671,2023,92,0.315,0.533,0.417,0.336,0.632,0.454,0.434,0.296,0.503,0.412,95.9,18.3,14.7,60
Freeman,Freddie,518692,2023,97,0.289,0.464,0.375,0.332,0.564,0.418,0.413,0.233,0.475,0.414,90.2,11.8,10.3,39.7
Rizzo,Anthony,519203,2023,89,0.292,0.517,0.379,0.259,0.498,0.368,0.351,0.24,0.416,0.336,91.4,21.3,10.1,46.4
Semien,Marcus,543760,2023,97,0.278,0.474,0.351,0.232,0.376,0.309,0.316,0.144,0.328,0.291,86.6,15.7,5.1,41
SpringerIII,George,543807,2023,97,0.216,0.32,0.283,0.258,0.452,0.336,0.321,0.194,0.38,0.326,86.9,14.2,11.7,32.5
Trout,Mike,545361,2023,90,0.311,0.578,0.415,0.287,0.551,0.405,0.395,0.264,0.519,0.423,93.6,16.7,16.4,55.7
Abreu,Jose,547989,2023,104,0.24,0.279,0.275,0.239,0.356,0.273,0.274,0.116,0.341,0.319,87.1,6,6.4,38.5
Suarez,Eugenio,553993,2023,92,0.272,0.38,0.346,0.238,0.418,0.321,0.316,0.18,0.412,0.353,91.6,18.2,9.7,46.8
Arenado,Nolan,571448,2023,96,0.26,0.354,0.308,0.253,0.351,0.287,0.301,0.097,0.342,0.329,86.3,14.4,4.1,33.8
Hernandez,Enrique,571771,2023,94,0.234,0.394,0.311,0.216,0.322,0.279,0.296,0.107,0.316,0.295,86.7,22.8,4.3,33.3
Bryant,Kris,592178,2023,93,0.312,0.452,0.379,0.27,0.414,0.333,0.341,0.144,0.364,0.334,84.9,13.5,4,28
Castellanos,Nick,592206,2023,96,0.333,0.531,0.396,0.293,0.462,0.359,0.359,0.17,0.451,0.407,89,9,10.1,40.6
Judge,Aaron,592450,2023,90,0.267,0.522,0.358,0.286,0.623,0.417,0.376,0.338,0.587,0.439,95.2,17.6,22,64.4
Machado,Manny,592518,2023,98,0.214,0.286,0.25,0.206,0.328,0.25,0.243,0.122,0.301,0.27,88.6,15.4,5.3,33.3
Renfroe,Hunter,592669,2023,93,0.28,0.581,0.356,0.236,0.44,0.331,0.317,0.204,0.356,0.293,90.3,11.7,9.3,50.7
Yelich,Christian,592885,2023,96,0.229,0.354,0.321,0.268,0.404,0.34,0.355,0.136,0.435,0.402,93.4,4,4.7,56.3
Bogaerts,Xander,593428,2023,95,0.326,0.526,0.414,0.266,0.448,0.358,0.365,0.182,0.343,0.298,87.9,4.8,8.2,28.2
Profar,Jurickson,595777,2023,88,0.205,0.341,0.284,0.242,0.33,0.306,0.329,0.088,0.356,0.341,86.4,16.1,4.6,33.8
Lindor,Francisco,596019,2023,94,0.213,0.436,0.318,0.219,0.36,0.311,0.326,0.141,0.357,0.316,90.4,14.5,6.1,39.4
Candelario,Jeimer,600869,2023,94,0.245,0.415,0.291,0.227,0.401,0.292,0.276,0.174,0.339,0.289,89.1,13.7,6.8,32.4
Anderson,Brian,605119,2023,87,0.276,0.494,0.35,0.265,0.493,0.372,0.351,0.228,0.478,0.39,86.9,7.2,16.1,35.5
Bell,Josh,605137,2023,90,0.211,0.367,0.314,0.225,0.359,0.308,0.33,0.134,0.343,0.308,89.6,2.6,9,38.8
Betts,Mookie,605141,2023,87,0.241,0.425,0.353,0.225,0.387,0.326,0.339,0.162,0.344,0.297,89.2,16.3,7.6,37.9
Hernandez,Teoscar,606192,2023,94,0.234,0.457,0.27,0.277,0.554,0.376,0.315,0.277,0.515,0.402,91.1,11.8,15.2,47
Nimmo,Brandon,607043,2023,86,0.337,0.477,0.444,0.311,0.467,0.403,0.436,0.156,0.401,0.373,92.1,7,5.3,52
Turner,Trea,607208,2023,107,0.28,0.411,0.325,0.242,0.348,0.273,0.288,0.106,0.343,0.327,87.2,17.2,3.8,34.2
Ramirez,Jose,608070,2023,96,0.271,0.479,0.357,0.283,0.478,0.352,0.369,0.195,0.365,0.318,89.3,19.2,7,40.7
Bregman,Alex,608324,2023,96,0.229,0.365,0.362,0.266,0.477,0.383,0.393,0.21,0.361,0.304,88.3,19.5,7.1,38.1
Swanson,Dansby,621020,2023,84,0.274,0.31,0.396,0.246,0.393,0.346,0.373,0.146,0.385,0.345,89.2,6,8.3,36.7
Ward,Taylor,621493,2023,95,0.221,0.337,0.324,0.223,0.38,0.322,0.331,0.157,0.349,0.302,88.7,11.7,8.3,38.9
Olson,Matt,621566,2023,97,0.258,0.557,0.374,0.203,0.473,0.347,0.328,0.27,0.487,0.352,95.4,17.4,21.4,46.4
Alonso,Pete,624413,2023,98,0.245,0.561,0.321,0.288,0.606,0.409,0.36,0.318,0.512,0.392,90.1,14.5,16.7,41.7
Cronenworth,Jake,630105,2023,86,0.221,0.453,0.3,0.265,0.449,0.345,0.344,0.184,0.414,0.36,88.7,12.8,7.8,42.2
Adames,Willy,642715,2023,89,0.247,0.427,0.358,0.235,0.418,0.343,0.353,0.183,0.38,0.32,86.9,19.4,12.1,34.8
McNeil,Jeff,643446,2023,88,0.295,0.398,0.415,0.238,0.313,0.319,0.368,0.076,0.266,0.265,86.6,11.5,2.5,32.9
Albies,Ozzie,645277,2023,97,0.268,0.526,0.314,0.28,0.534,0.363,0.327,0.254,0.414,0.337,87.3,12,14.8,39.5
Devers,Rafael,646240,2023,101,0.238,0.574,0.282,0.27,0.598,0.378,0.317,0.328,0.46,0.344,93.7,16,16,51.9
Diaz,Yandy,650490,2023,87,0.299,0.54,0.392,0.311,0.545,0.424,0.411,0.234,0.457,0.382,95.2,10.3,13.7,56.2
Chapman,Matt,656305,2023,88,0.364,0.659,0.446,0.331,0.758,0.488,0.418,0.427,0.63,0.457,95.7,15.8,32.8,64.1
MullinsII,Cedric,656775,2023,85,0.271,0.447,0.379,0.239,0.358,0.328,0.36,0.119,0.323,0.299,87.6,21.5,5.7,35.7
Schwarber,Kyle,656941,2023,92,0.207,0.413,0.318,0.217,0.424,0.33,0.326,0.207,0.387,0.311,93,21.6,12.5,43.8
Verdugo,Alex,657077,2023,103,0.311,0.466,0.377,0.32,0.486,0.381,0.386,0.166,0.405,0.375,89.2,8.5,6.8,42
Ohtani,Shohei,660271,2023,92,0.261,0.489,0.321,0.287,0.576,0.396,0.357,0.289,0.501,0.394,91.6,10,14.7,52.9
AcunaJr.,Ronald,660670,2023,102,0.363,0.569,0.449,0.343,0.642,0.454,0.432,0.299,0.501,0.412,94.4,5,15.3,52.4
Varsho,Daulton,662139,2023,86,0.198,0.314,0.3,0.211,0.321,0.296,0.318,0.11,0.329,0.304,84.7,14.6,6.5,29
Hoerner,Nico,663538,2023,103,0.34,0.466,0.382,0.344,0.458,0.371,0.385,0.115,0.374,0.369,88,9,3.1,37.5
Riley,Austin,663586,2023,93,0.269,0.473,0.364,0.262,0.432,0.348,0.36,0.17,0.423,0.373,90.6,8,7.6,45.3
Mountcastle,Ryan,663624,2023,101,0.238,0.455,0.255,0.304,0.598,0.384,0.32,0.294,0.484,0.387,93.4,15.4,15,48.8
Hayes,Ke'Bryan,663647,2023,96,0.229,0.375,0.292,0.29,0.45,0.352,0.353,0.16,0.361,0.33,92.5,12.5,5.8,47.7
Tucker,Kyle,663656,2023,86,0.302,0.512,0.411,0.335,0.631,0.456,0.451,0.297,0.501,0.413,91.7,12.2,11.1,48.6
India,Jonathan,663697,2023,89,0.281,0.404,0.394,0.266,0.403,0.357,0.386,0.138,0.353,0.324,90.4,12.7,4.1,43.2
Grisham,Trent,663757,2023,87,0.195,0.414,0.314,0.227,0.507,0.366,0.341,0.28,0.462,0.341,93.2,27,20.7,43.1
Lowe,Nathaniel,663993,2023,98,0.255,0.439,0.315,0.285,0.454,0.346,0.342,0.169,0.404,0.363,88.7,6.5,6.5,37.7
France,Ty,664034,2023,94,0.266,0.394,0.352,0.274,0.401,0.338,0.359,0.128,0.332,0.314,86,13.6,4.9,31.7
Bohm,Alec,664761,2023,94,0.298,0.447,0.365,0.281,0.449,0.351,0.35,0.168,0.382,0.342,91,7.5,6.5,49.4
Pena,Jeremy,665161,2023,100,0.24,0.43,0.3,0.249,0.358,0.3,0.312,0.109,0.36,0.343,88.5,6.3,4.1,35.6
GuerreroJr.,Vladimir,665489,2023,99,0.333,0.535,0.407,0.342,0.624,0.443,0.417,0.282,0.464,0.388,94.4,10.6,14.8,58
Soto,Juan,665742,2023,90,0.178,0.344,0.339,0.233,0.469,0.369,0.384,0.236,0.435,0.344,92.4,8.5,14.8,57.4
Ruiz,Esteury,665923,2023,89,0.27,0.326,0.333,0.235,0.345,0.298,0.312,0.11,0.304,0.287,86.1,12.2,4,26.7
Bichette,Bo,666182,2023,106,0.34,0.528,0.381,0.354,0.535,0.402,0.394,0.181,0.451,0.418,92,5.9,7.8,40
Garcia,Adolis,666969,2023,91,0.264,0.538,0.314,0.272,0.531,0.366,0.325,0.259,0.447,0.355,92.8,12.9,14.1,52.1
Arozarena,Randy,668227,2023,91,0.341,0.571,0.41,0.29,0.57,0.41,0.376,0.281,0.487,0.388,95.1,12.2,18.3,59.2
Rutschman,Adley,668939,2023,90,0.278,0.433,0.405,0.284,0.482,0.392,0.415,0.198,0.401,0.347,88.4,19.4,9.3,32
Miranda,Jose,669304,2023,96,0.24,0.323,0.305,0.271,0.373,0.315,0.334,0.102,0.331,0.321,88.2,10.2,4.9,38.3
RobertJr.,Luis,673357,2023,101,0.218,0.426,0.238,0.237,0.419,0.291,0.259,0.183,0.416,0.354,87.8,15.8,11.8,35.3
Franco,Wander,677551,2023,96,0.302,0.552,0.368,0.286,0.517,0.372,0.354,0.231,0.409,0.344,90.5,13.6,11.3,42.5
Rodriguez,Julio,677594,2023,103,0.233,0.447,0.295,0.256,0.455,0.334,0.316,0.199,0.426,0.361,90.8,9.8,11,45.2
WittJr.,Bobby,677951,2023,99,0.253,0.444,0.295,0.246,0.446,0.317,0.289,0.2,0.369,0.308,90.4,17.4,7.6,43
Kwan,Steven,680757,2023,97,0.258,0.309,0.357,0.255,0.318,0.306,0.358,0.063,0.285,0.289,85.7,15.6,0,21.8
Stott,Bryson,681082,2023,105,0.343,0.467,0.373,0.262,0.345,0.282,0.295,0.083,0.336,0.335,87.3,7.4,2.4,42.7
Vaughn,Andrew,683734,2023,89,0.236,0.371,0.34,0.231,0.382,0.323,0.336,0.15,0.343,0.303,89.4,9.4,8.8,44.1
Pasquantino,Vinnie,686469,2023,88,0.284,0.5,0.373,0.306,0.48,0.381,0.395,0.174,0.401,0.364,92.3,14,5.4,51.4
Pujols,Albert,405395,2022,307,0.27,0.55,0.345,0.262,0.499,0.365,0.343,0.237,0.395,0.32,91.2,16.4,12,47.3
Cabrera,Miguel,408234,2022,397,0.254,0.317,0.305,0.234,0.331,0.275,0.29,0.096,0.329,0.314,89.9,5,4.7,38.2
Molina,Yadier,425877,2022,262,0.214,0.302,0.233,0.23,0.328,0.254,0.251,0.098,0.286,0.272,84.7,16.9,3.1,26
Cano,Robinson,429664,2022,100,0.15,0.19,0.183,0.209,0.299,0.237,0.239,0.09,0.293,0.279,88.2,5.8,4,41.3
Suzuki,Kurt,435559,2022,139,0.18,0.295,0.264,0.191,0.281,0.255,0.276,0.09,0.255,0.238,85.2,24.1,3.5,26.5
CruzJr.,Nelson,443558,2022,448,0.234,0.337,0.312,0.241,0.399,0.32,0.323,0.157,0.377,0.331,90.9,7.2,9.3,46.1
Peralta,David,444482,2022,439,0.251,0.415,0.316,0.249,0.399,0.313,0.318,0.15,0.375,0.335,90.3,15.1,8.5,44.4
Escobar,Alcides,444876,2022,124,0.218,0.282,0.26,0.21,0.264,0.233,0.252,0.054,0.278,0.283,81.8,15.7,1.1,17.4
Longoria,Evan,446334,2022,266,0.244,0.451,0.315,0.233,0.437,0.324,0.309,0.204,0.416,0.339,91.1,18.2,12.4,46.8
Blackmon,Charlie,453568,2022,530,0.264,0.419,0.312,0.256,0.376,0.301,0.308,0.12,0.345,0.322,86.2,12.4,4.4,30.6
Maldonado,Martin,455117,2022,344,0.186,0.352,0.245,0.181,0.325,0.253,0.245,0.144,0.326,0.273,88.4,14.7,8.1,40.2
Chirinos,Robinson,455139,2022,195,0.179,0.287,0.264,0.168,0.281,0.245,0.255,0.113,0.293,0.255,84.8,17.6,6.9,33.1
Cain,Lorenzo,456715,2022,145,0.179,0.234,0.231,0.2,0.253,0.23,0.25,0.053,0.263,0.264,87.9,3.8,0,36.4
Solano,Donovan,456781,2022,278,0.284,0.385,0.339,0.268,0.393,0.315,0.325,0.125,0.364,0.342,88.3,10.7,5.9,41.2
McCutchen,Andrew,457705,2022,515,0.237,0.384,0.316,0.252,0.406,0.325,0.329,0.155,0.371,0.329,89.1,13.2,8.6,40
Turner,Justin,457759,2022,468,0.278,0.438,0.35,0.267,0.427,0.339,0.343,0.16,0.367,0.327,89.5,18.4,8,40.6
Votto,Joey,458015,2022,322,0.205,0.37,0.319,0.218,0.39,0.322,0.331,0.172,0.372,0.312,89.7,14.2,11.1,41.3
Andrus,Elvis,462101,2022,535,0.249,0.404,0.303,0.245,0.36,0.293,0.3,0.114,0.316,0.296,87.9,11.9,4.5,34.8
Santana,Carlos,467793,2022,431,0.202,0.376,0.316,0.253,0.438,0.352,0.361,0.185,0.372,0.318,90.7,15.4,9.3,44.9
Belt,Brandon,474832,2022,254,0.213,0.35,0.326,0.215,0.412,0.326,0.328,0.197,0.39,0.314,88.4,23.4,12.6,38.5
Lowrie,Jed,476704,2022,167,0.18,0.263,0.245,0.197,0.281,0.247,0.264,0.085,0.27,0.258,86.2,16.3,3.1,30.8
BrantleyJr.,Michael,488726,2022,243,0.288,0.416,0.368,0.31,0.467,0.374,0.39,0.158,0.383,0.353,89.8,10.7,6,45.1
Gurriel,Yuli,493329,2022,545,0.242,0.36,0.288,0.24,0.319,0.271,0.286,0.079,0.28,0.276,88.2,14.6,1.9,35.6
Rojas,Miguel,500743,2022,471,0.236,0.323,0.282,0.264,0.347,0.293,0.31,0.083,0.306,0.302,86.1,10.1,1.9,27.1
Escobar,Eduardo,500871,2022,495,0.24,0.43,0.295,0.243,0.427,0.314,0.3,0.183,0.385,0.326,88.3,20.6,9.4,37.6
Adrianza,Ehire,501303,2022,97,0.175,0.206,0.264,0.222,0.288,0.274,0.306,0.066,0.299,0.297,84.6,12.6,1.4,21.9
Pham,Tommy,502054,2022,554,0.236,0.374,0.312,0.238,0.383,0.311,0.315,0.145,0.383,0.34,92.2,7.7,7.9,48.5
Martinez,J.D.,502110,2022,533,0.274,0.448,0.341,0.26,0.471,0.349,0.33,0.211,0.429,0.355,89.1,14.1,12.5,41.7
Goldschmidt,Paul,502671,2022,561,0.317,0.578,0.402,0.261,0.482,0.367,0.357,0.221,0.426,0.348,90.8,15.7,11.6,47.4
Gonzalez,Marwin,503556,2022,184,0.185,0.321,0.251,0.217,0.345,0.282,0.286,0.128,0.341,0.305,88,19.4,5.9,37.3
Altuve,Jose,514888,2022,527,0.3,0.533,0.387,0.269,0.44,0.354,0.362,0.171,0.367,0.323,85.9,16.1,7.7,29.7
Hernandez,Cesar,514917,2022,560,0.248,0.318,0.31,0.248,0.329,0.29,0.312,0.081,0.317,0.312,84.8,9.3,2.4,29.7
Segura,Jean,516416,2022,354,0.277,0.387,0.336,0.254,0.363,0.303,0.316,0.109,0.322,0.304,87.6,4.3,4.4,38.4
Marte,Starling,516782,2022,466,0.292,0.468,0.347,0.276,0.428,0.336,0.332,0.153,0.386,0.348,86.8,7.5,6.8,33.9
Culberson,Charlie,518586,2022,115,0.252,0.357,0.274,0.226,0.303,0.251,0.258,0.077,0.317,0.309,85.3,5.9,1.1,27.3
d'Arnaud,Travis,518595,2022,396,0.268,0.472,0.319,0.247,0.412,0.313,0.3,0.166,0.367,0.32,88.5,11.8,8.5,38.9
Donaldson,Josh,518626,2022,478,0.222,0.374,0.308,0.215,0.37,0.299,0.303,0.154,0.36,0.309,90.7,12,9.8,43.3
Freeman,Freddie,518692,2022,612,0.325,0.511,0.407,0.313,0.538,0.403,0.4,0.225,0.44,0.376,91.3,13.6,9.9,47.8
Grandal,Yasmani,518735,2022,327,0.202,0.269,0.301,0.217,0.319,0.29,0.317,0.102,0.308,0.289,90,12.1,4.8,40
Heyward,Jason,518792,2022,137,0.204,0.277,0.278,0.218,0.322,0.278,0.29,0.105,0.306,0.284,87.6,13.1,4.8,38.1
LeMahieu,DJ,518934,2022,467,0.261,0.377,0.357,0.274,0.403,0.344,0.369,0.13,0.344,0.321,89.2,3,5.3,41.1
Moustakas,Mike,519058,2022,252,0.214,0.345,0.295,0.195,0.307,0.27,0.281,0.112,0.311,0.278,87.6,19.4,6.1,33.9
Rizzo,Anthony,519203,2022,465,0.224,0.48,0.338,0.239,0.454,0.349,0.35,0.215,0.374,0.303,89.4,19.3,10.9,41
Romine,Austin,519222,2022,129,0.155,0.248,0.184,0.159,0.248,0.195,0.19,0.09,0.274,0.248,87.2,9.5,4.7,33.3
Stanton,Giancarlo,519317,2022,398,0.211,0.462,0.296,0.24,0.477,0.351,0.328,0.236,0.473,0.372,95,10.8,19.3,52.3
Vogt,Stephen,519390,2022,168,0.161,0.321,0.241,0.211,0.35,0.282,0.287,0.138,0.323,0.285,87,21,7.9,27.8
Perez,Salvador,521692,2022,445,0.254,0.465,0.292,0.245,0.473,0.326,0.285,0.228,0.405,0.323,91.4,17.8,11.2,49
Flores,Wilmer,527038,2022,525,0.229,0.394,0.316,0.233,0.37,0.31,0.322,0.137,0.323,0.288,87.8,20.7,6.3,35.4
Garcia,Avisail,541645,2022,357,0.224,0.317,0.266,0.23,0.366,0.281,0.273,0.136,0.369,0.331,88.7,2.8,6.4,44.8
Bethancourt,Christian,542194,2022,318,0.252,0.409,0.282,0.255,0.449,0.318,0.286,0.194,0.404,0.341,90.1,9.4,11.7,44.8
Ozuna,Marcell,542303,2022,470,0.226,0.413,0.274,0.256,0.478,0.337,0.303,0.222,0.421,0.343,89.4,16.5,13.1,43.8
Villar,Jonathan,542340,2022,202,0.208,0.302,0.259,0.208,0.283,0.247,0.262,0.075,0.304,0.293,89.6,-0.7,2.7,40.4
Ortega,Rafael,542364,2022,316,0.241,0.358,0.329,0.241,0.346,0.307,0.334,0.104,0.331,0.31,87.2,17.1,4.8,33.7
Aguilar,Jesus,542583,2022,464,0.235,0.379,0.278,0.24,0.393,0.298,0.288,0.153,0.364,0.321,87.7,19.1,6.9,36
Berti,Jon,542932,2022,358,0.24,0.338,0.324,0.236,0.358,0.306,0.322,0.122,0.343,0.315,88,4.7,5.9,37
Crawford,Brandon,543063,2022,407,0.231,0.344,0.308,0.217,0.339,0.287,0.3,0.122,0.319,0.288,88.1,12.3,6.7,35.1
Cron,C.J.,543068,2022,575,0.257,0.468,0.315,0.244,0.438,0.321,0.306,0.194,0.408,0.341,88.7,14.2,10.8,42.3
Gomes,Yan,543228,2022,277,0.235,0.365,0.259,0.251,0.379,0.287,0.278,0.127,0.326,0.301,85.3,9.4,3.4,28.9
Grossman,Robbie,543257,2022,411,0.209,0.311,0.31,0.205,0.305,0.281,0.307,0.1,0.319,0.296,86.7,21.1,3.5,30.4
Harrison,Josh,543281,2022,386,0.256,0.37,0.315,0.233,0.335,0.284,0.297,0.102,0.302,0.286,87.4,14.7,3.8,32.3
Hicks,Aaron,543305,2022,384,0.216,0.313,0.329,0.218,0.336,0.303,0.333,0.117,0.334,0.304,87.9,14.8,5.8,33.1
Higashioka,Kyle,543309,2022,229,0.227,0.389,0.262,0.254,0.444,0.317,0.291,0.191,0.381,0.324,90.9,17.2,9.8,48.1
Hosmer,Eric,543333,2022,380,0.268,0.382,0.334,0.258,0.379,0.311,0.327,0.12,0.335,0.313,88.4,3.1,5.7,39.7
McCann,James,543510,2022,174,0.195,0.282,0.257,0.24,0.414,0.311,0.298,0.174,0.376,0.322,90.2,16.3,6.9,40.8
Miller,Brad,543543,2022,222,0.212,0.32,0.27,0.205,0.344,0.269,0.264,0.139,0.343,0.298,91.1,14.1,7.8,39.9
Nola,Austin,543592,2022,347,0.251,0.329,0.32,0.256,0.351,0.305,0.33,0.095,0.316,0.307,89.4,12,2.4,39.7
Rendon,Anthony,543685,2022,166,0.229,0.38,0.326,0.241,0.392,0.331,0.343,0.151,0.351,0.309,89.6,18.7,8.3,37.6
Semien,Marcus,543760,2022,657,0.248,0.429,0.304,0.243,0.394,0.306,0.301,0.151,0.333,0.295,87.3,19.9,6.8,34.9
SpringerIII,George,543807,2022,513,0.267,0.472,0.34,0.265,0.438,0.342,0.342,0.172,0.374,0.328,88.7,13.9,8.4,42.3
Vazquez,Christian,543877,2022,398,0.274,0.399,0.315,0.262,0.375,0.301,0.306,0.113,0.335,0.317,87.9,10.7,5.1,36.4
Wong,Kolten,543939,2022,430,0.251,0.43,0.338,0.235,0.353,0.305,0.327,0.118,0.318,0.293,87,14,5.4,35.5
Gregorius,Didi,544369,2022,214,0.21,0.304,0.263,0.237,0.327,0.275,0.288,0.091,0.293,0.283,84.5,15.8,2.8,22.8
Garcia,Leury,544725,2022,300,0.21,0.267,0.232,0.233,0.325,0.258,0.258,0.092,0.31,0.298,87,6.2,4.2,35.6
Vargas,Ildemaro,545121,2022,209,0.263,0.392,0.297,0.227,0.305,0.255,0.265,0.078,0.26,0.254,87,7.4,2.1,29.3
Grichuk,Randal,545341,2022,506,0.259,0.425,0.299,0.229,0.37,0.281,0.271,0.141,0.343,0.305,90,8.7,6.8,43.6
Stassi,Max,545358,2022,333,0.18,0.303,0.267,0.18,0.325,0.266,0.268,0.145,0.325,0.271,88.6,9.5,9.4,39.5
Trout,Mike,545361,2022,438,0.283,0.63,0.369,0.265,0.583,0.395,0.354,0.317,0.527,0.388,91.6,24.6,19.7,51
Herrera,Odubel,546318,2022,185,0.238,0.378,0.279,0.225,0.348,0.272,0.268,0.123,0.32,0.291,86.9,4,4.9,37.5
AlmoraJr.,Albert,546991,2022,215,0.223,0.349,0.281,0.233,0.307,0.27,0.292,0.075,0.299,0.296,84,6.7,1.8,25.4
Harper,Bryce,547180,2022,370,0.286,0.514,0.364,0.288,0.527,0.38,0.369,0.238,0.451,0.373,92.1,11.8,12.8,47.9
Abreu,Jose,547989,2022,601,0.304,0.446,0.378,0.296,0.486,0.373,0.372,0.19,0.41,0.361,92.2,8,9.5,51.8
Diaz,Elias,553869,2022,351,0.228,0.368,0.281,0.222,0.339,0.274,0.278,0.117,0.316,0.29,88.4,11.1,5.9,39.3
Narvaez,Omar,553882,2022,262,0.206,0.305,0.291,0.207,0.293,0.268,0.294,0.087,0.278,0.265,84.7,17.7,2.4,18.4
Suarez,Eugenio,553993,2022,543,0.236,0.459,0.332,0.22,0.454,0.339,0.321,0.234,0.446,0.343,89.8,19.9,14.8,43.5
Urshela,Gio,570482,2022,501,0.285,0.429,0.338,0.268,0.416,0.323,0.324,0.148,0.362,0.329,88.9,11.8,7,37.6
Schoop,Jonathan,570731,2022,481,0.202,0.322,0.239,0.228,0.338,0.268,0.267,0.111,0.318,0.294,87,9.7,4.8,38.6
Arenado,Nolan,571448,2022,557,0.293,0.533,0.358,0.266,0.445,0.339,0.335,0.18,0.349,0.304,88.8,21.7,8.2,38.9
Barnhart,Tucker,571466,2022,281,0.221,0.267,0.286,0.201,0.264,0.244,0.269,0.063,0.276,0.274,84.5,10.1,1.9,26
Farmer,Kyle,571657,2022,526,0.255,0.386,0.314,0.258,0.38,0.311,0.32,0.122,0.339,0.317,85.5,12.7,4.4,33.8
Haniger,Mitch,571745,2022,224,0.246,0.429,0.308,0.245,0.45,0.328,0.309,0.205,0.416,0.344,91.9,18.2,11.8,47.2
Hernandez,Enrique,571771,2022,361,0.222,0.338,0.291,0.238,0.357,0.297,0.308,0.119,0.319,0.296,87.8,17.3,5.8,35
Lamb,Jake,571875,2022,97,0.216,0.392,0.315,0.215,0.39,0.314,0.314,0.175,0.426,0.354,91.5,15,11.9,44.1
Maile,Luke,571912,2022,181,0.221,0.326,0.301,0.194,0.301,0.263,0.278,0.107,0.3,0.272,84.5,17,5.4,25.4
Muncy,Max,571970,2022,464,0.196,0.384,0.329,0.208,0.417,0.339,0.342,0.209,0.383,0.299,90.3,20.9,13.4,45.6
Myers,Wil,571976,2022,261,0.261,0.398,0.315,0.225,0.373,0.288,0.285,0.148,0.382,0.334,88.5,13,7.3,37.6
Naquin,Tyler,571980,2022,310,0.229,0.423,0.281,0.247,0.433,0.317,0.299,0.186,0.418,0.353,90.3,14.4,9.6,40.8
Piscotty,Stephen,572039,2022,126,0.19,0.341,0.252,0.216,0.353,0.275,0.278,0.137,0.388,0.346,90.4,10.4,6.3,46.3
Pollock,AJ,572041,2022,489,0.245,0.389,0.292,0.258,0.419,0.317,0.305,0.161,0.364,0.321,88.8,11.6,9.4,42
Taylor,MichaelA.,572191,2022,414,0.254,0.357,0.311,0.223,0.358,0.289,0.288,0.135,0.344,0.304,86.3,12.1,6.8,32.9
Thompson,Trayce,572204,2022,219,0.256,0.507,0.353,0.251,0.496,0.366,0.35,0.245,0.547,0.431,92.2,16.4,16.4,46.9
VoitIII,Luke,572228,2022,500,0.226,0.402,0.308,0.222,0.434,0.322,0.306,0.212,0.43,0.341,89.8,18.4,14.7,44.3
Walker,Christian,572233,2022,583,0.242,0.477,0.327,0.257,0.484,0.359,0.343,0.227,0.407,0.331,90,17,11.5,44
Zunino,Mike,572287,2022,115,0.148,0.304,0.195,0.182,0.329,0.252,0.232,0.147,0.374,0.308,91.8,20.8,8.6,41.4
Carpenter,Matt,572761,2022,128,0.305,0.727,0.409,0.231,0.485,0.362,0.351,0.254,0.415,0.316,89.8,22.4,13.7,42.1
Dickerson,Corey,572816,2022,281,0.267,0.399,0.3,0.264,0.371,0.293,0.297,0.108,0.33,0.316,87.8,10.6,3.8,32.8
Ruf,Darin,573131,2022,334,0.204,0.338,0.307,0.219,0.371,0.31,0.321,0.153,0.367,0.317,89.2,14.8,8.6,40.5
Yastrzemski,Mike,573262,2022,485,0.214,0.392,0.305,0.22,0.392,0.314,0.313,0.172,0.369,0.309,89.9,19.9,11.1,42.5
Contreras,Willson,575929,2022,416,0.243,0.466,0.349,0.256,0.463,0.364,0.362,0.207,0.41,0.341,90.4,8.5,10.5,48.6
Iglesias,Jose,578428,2022,439,0.292,0.38,0.328,0.266,0.323,0.281,0.304,0.056,0.294,0.303,83.8,6,0.5,27.7
Bryant,Kris,592178,2022,160,0.306,0.475,0.376,0.279,0.426,0.344,0.352,0.147,0.364,0.331,85,13.5,6.7,29.6
Canha,Mark,592192,2022,462,0.266,0.403,0.367,0.245,0.362,0.323,0.351,0.117,0.332,0.309,87.7,10.9,4.9,36.6
Casali,Curt,592200,2022,148,0.203,0.331,0.318,0.189,0.325,0.289,0.309,0.136,0.33,0.283,87.1,25.4,6,39
Castellanos,Nick,592206,2022,524,0.263,0.389,0.305,0.25,0.395,0.302,0.293,0.145,0.37,0.332,87.5,14.6,6.6,35.1
Drury,Brandon,592273,2022,518,0.263,0.492,0.32,0.242,0.42,0.316,0.303,0.179,0.373,0.318,89.1,13.8,10.4,42.2
Gamel,Ben,592325,2022,371,0.232,0.369,0.324,0.244,0.372,0.316,0.335,0.128,0.362,0.331,88.8,11.3,6.2,37.6
Judge,Aaron,592450,2022,570,0.311,0.686,0.422,0.305,0.706,0.463,0.422,0.401,0.611,0.437,95.9,15,26.5,61.8
Machado,Manny,592518,2022,578,0.298,0.531,0.366,0.264,0.447,0.338,0.338,0.183,0.396,0.343,91.5,16,9.8,49
Moran,Colin,592567,2022,109,0.211,0.376,0.305,0.233,0.383,0.318,0.328,0.15,0.363,0.317,90.4,10.3,8.5,39
Pederson,Joc,592626,2022,380,0.274,0.521,0.353,0.266,0.502,0.367,0.348,0.236,0.443,0.359,93.2,14.8,15.1,52.1
Realmuto,J.T.,592663,2022,504,0.276,0.478,0.342,0.275,0.463,0.351,0.342,0.188,0.412,0.357,90.3,13.1,11.3,47.2
Renfroe,Hunter,592669,2022,474,0.255,0.492,0.314,0.24,0.438,0.323,0.303,0.199,0.39,0.321,90.5,17.7,10.9,43.6
Rosario,Eddie,592696,2022,250,0.212,0.328,0.259,0.2,0.318,0.25,0.249,0.118,0.301,0.271,87.7,15.2,5.4,33
Yelich,Christian,592885,2022,575,0.252,0.383,0.355,0.258,0.404,0.339,0.36,0.146,0.396,0.358,91.5,3.6,8.2,48.6
Merrifield,Whit,593160,2022,504,0.25,0.375,0.298,0.24,0.356,0.288,0.292,0.116,0.31,0.288,87.1,15.1,4.2,31.1
Bogaerts,Xander,593428,2022,557,0.307,0.456,0.377,0.259,0.383,0.323,0.338,0.124,0.354,0.328,88.1,10.2,6.5,39.5
Alberto,Hanser,593643,2022,156,0.244,0.365,0.258,0.216,0.304,0.234,0.231,0.088,0.268,0.257,82.9,10.8,1.5,18.3
Polanco,Jorge,593871,2022,375,0.235,0.405,0.346,0.248,0.451,0.358,0.361,0.203,0.402,0.334,89,21.7,10.2,38.7
Calhoun,Kole,594777,2022,388,0.196,0.33,0.257,0.223,0.382,0.294,0.284,0.158,0.399,0.343,90.8,15.4,9.8,48.2
Duvall,Adam,594807,2022,287,0.213,0.401,0.276,0.209,0.395,0.293,0.274,0.186,0.396,0.32,88.3,23.4,12.8,41
Kiermaier,Kevin,595281,2022,206,0.228,0.369,0.281,0.25,0.388,0.305,0.301,0.138,0.393,0.355,87.9,5.3,6.9,38.6
Alfaro,Jorge,595751,2022,256,0.246,0.383,0.285,0.238,0.397,0.295,0.278,0.16,0.438,0.381,89.4,8,11.2,38.5
Profar,Jurickson,595777,2022,575,0.243,0.391,0.33,0.251,0.359,0.315,0.34,0.108,0.323,0.306,87.5,12.9,4,34.3
Baez,Javier,595879,2022,555,0.238,0.393,0.278,0.23,0.378,0.285,0.272,0.149,0.356,0.313,87.9,9.6,8,38
Cave,Jake,595909,2022,164,0.213,0.384,0.26,0.213,0.395,0.285,0.261,0.182,0.366,0.301,90.7,14.4,10.3,42.7
Hedges,Austin,595978,2022,294,0.163,0.248,0.234,0.18,0.261,0.238,0.257,0.081,0.257,0.243,84.2,16.7,3.1,22.3
Lindor,Francisco,596019,2022,630,0.27,0.449,0.339,0.254,0.427,0.331,0.326,0.173,0.37,0.32,89.3,13.8,8.3,41.3
Odor,Rougned,596059,2022,426,0.207,0.357,0.275,0.207,0.339,0.277,0.279,0.132,0.318,0.279,87.8,21.5,6.5,33.3
Slater,Austin,596103,2022,277,0.264,0.408,0.366,0.259,0.429,0.351,0.363,0.17,0.432,0.378,89,6.6,10.5,39.5
Story,Trevor,596115,2022,357,0.238,0.434,0.303,0.221,0.397,0.301,0.29,0.176,0.404,0.335,88.9,17.8,11.3,40.6
Stubbs,Garrett,596117,2022,106,0.264,0.462,0.347,0.207,0.299,0.275,0.3,0.092,0.307,0.289,85.2,15.2,5.2,27.3
Vogelbach,Daniel,596129,2022,386,0.238,0.433,0.36,0.236,0.428,0.35,0.36,0.192,0.407,0.337,89.4,15.8,10.6,39.9
Sanchez,Gary,596142,2022,419,0.205,0.377,0.282,0.22,0.439,0.321,0.298,0.218,0.412,0.323,90.5,14,13.5,49.3
Kepler,Max,596146,2022,388,0.227,0.348,0.318,0.266,0.412,0.338,0.353,0.146,0.349,0.317,89.1,11.2,7.1,39.9
Franco,Maikel,596748,2022,371,0.229,0.342,0.255,0.243,0.351,0.272,0.27,0.108,0.321,0.303,87,11.5,4.7,34.4
Choi,JiMan,596847,2022,356,0.233,0.388,0.341,0.236,0.413,0.337,0.347,0.177,0.428,0.362,92.2,10.6,11.9,47.5
BradleyJr.,Jackie,598265,2022,344,0.203,0.311,0.254,0.223,0.33,0.268,0.273,0.107,0.308,0.287,87.6,7.4,4.8,37.2
LaStella,Tommy,600303,2022,180,0.239,0.35,0.282,0.232,0.329,0.267,0.276,0.097,0.286,0.274,87.9,14.6,2,32
Candelario,Jeimer,600869,2022,429,0.217,0.361,0.272,0.228,0.379,0.292,0.284,0.152,0.349,0.305,87.2,13.5,8.3,34.6
Daza,Yonathan,602074,2022,372,0.301,0.384,0.348,0.282,0.351,0.308,0.333,0.07,0.328,0.331,84.8,4.6,1.9,25
Urias,Ramon,602104,2022,403,0.248,0.414,0.303,0.25,0.42,0.32,0.309,0.17,0.381,0.329,89.4,11,9.6,46.5
Anderson,Brian,605119,2022,338,0.222,0.346,0.311,0.229,0.379,0.309,0.317,0.15,0.372,0.326,88.7,7.7,9.7,42
Barnes,Austin,605131,2022,179,0.212,0.38,0.321,0.21,0.329,0.298,0.323,0.118,0.292,0.265,87.4,13.6,4.8,35.2
Bell,Josh,605137,2022,552,0.266,0.422,0.36,0.273,0.424,0.349,0.369,0.151,0.366,0.332,88.9,8.4,7.2,40.8
Betts,Mookie,605141,2022,572,0.269,0.533,0.34,0.254,0.465,0.344,0.327,0.211,0.373,0.309,90.5,18.6,9.7,44.9
Caratini,Victor,605170,2022,272,0.199,0.342,0.299,0.233,0.35,0.309,0.332,0.117,0.336,0.31,89.4,6.6,6.3,43.5
Davis,J.D.,605204,2022,318,0.248,0.418,0.34,0.245,0.471,0.353,0.338,0.227,0.494,0.395,92.4,12.3,16.2,56.1
Garcia,Aramis,605244,2022,108,0.213,0.259,0.243,0.212,0.314,0.247,0.246,0.102,0.331,0.309,87.5,19.6,2.6,36.8
Machin,Vimael,605353,2022,223,0.22,0.287,0.3,0.243,0.343,0.301,0.323,0.1,0.321,0.306,89.3,10.2,3.9,39.1
Perez,Michael,605421,2022,121,0.149,0.298,0.212,0.205,0.359,0.276,0.266,0.154,0.329,0.279,88.8,18.3,7.8,36.7
Zimmer,Bradley,605548,2022,105,0.124,0.229,0.205,0.138,0.268,0.225,0.22,0.13,0.305,0.241,87,10.5,11.5,34.4
Castro,Harold,605612,2022,420,0.271,0.381,0.298,0.275,0.423,0.316,0.305,0.148,0.371,0.339,87,11.4,6.1,33.3
Arcia,Orlando,606115,2022,209,0.244,0.416,0.316,0.253,0.421,0.329,0.327,0.168,0.382,0.335,90.7,11.7,7.5,42.5
Tapia,Raimel,606132,2022,411,0.265,0.38,0.289,0.256,0.366,0.286,0.284,0.11,0.336,0.318,87.6,4,5.1,38
Aquino,Aristides,606157,2022,259,0.197,0.363,0.246,0.18,0.317,0.243,0.231,0.136,0.353,0.298,85.6,17.4,8.2,34.6
Hernandez,Teoscar,606192,2022,499,0.267,0.491,0.316,0.265,0.501,0.351,0.314,0.236,0.47,0.38,92.6,11.6,15,53.3
Marte,Ketel,606466,2022,492,0.24,0.407,0.321,0.251,0.377,0.315,0.333,0.126,0.341,0.315,90.1,13.5,6.1,41.9
Haase,Eric,606992,2022,323,0.254,0.443,0.305,0.239,0.399,0.302,0.292,0.161,0.39,0.339,87.7,17,8.7,42.4
Nimmo,Brandon,607043,2022,580,0.274,0.433,0.366,0.261,0.409,0.342,0.357,0.148,0.361,0.326,89.4,6.1,7,39.8
Peterson,Jace,607054,2022,288,0.236,0.382,0.314,0.235,0.366,0.303,0.316,0.132,0.366,0.331,88.6,9.7,7.2,36.1
Turner,Trea,607208,2022,652,0.298,0.466,0.342,0.276,0.432,0.335,0.327,0.156,0.387,0.348,88.9,10.2,7.6,41.6
Stallings,Jacob,607732,2022,346,0.223,0.292,0.292,0.221,0.312,0.274,0.292,0.091,0.304,0.29,86.7,12.9,3.4,32.3
Ramirez,Jose,608070,2022,601,0.28,0.514,0.355,0.255,0.408,0.32,0.337,0.153,0.331,0.295,87.7,20.7,6.6,36.9
Bregman,Alex,608324,2022,548,0.259,0.454,0.366,0.257,0.416,0.35,0.369,0.159,0.337,0.299,88.9,19.5,7.3,37.8
Gallo,Joey,608336,2022,350,0.16,0.357,0.28,0.169,0.373,0.295,0.288,0.205,0.427,0.314,89.6,23.8,17.6,50.5
Kelly,Carson,608348,2022,317,0.211,0.334,0.282,0.225,0.345,0.288,0.298,0.12,0.316,0.289,87.7,14.7,5.2,36.8
Seager,Corey,608369,2022,593,0.245,0.455,0.317,0.283,0.51,0.372,0.354,0.226,0.413,0.343,91.1,13.6,10.5,45.5
Winker,Jesse,608385,2022,456,0.219,0.344,0.344,0.249,0.403,0.345,0.369,0.154,0.361,0.32,87.7,16.8,7.6,34.3
Mazara,Nomar,608577,2022,159,0.264,0.352,0.316,0.25,0.357,0.294,0.303,0.106,0.352,0.335,86.1,17.6,4.2,32.8
Plawecki,Kevin,608700,2022,168,0.22,0.286,0.285,0.228,0.299,0.268,0.294,0.071,0.281,0.28,89.3,11.4,0,37.7
Refsnyder,Rob,608701,2022,153,0.307,0.497,0.384,0.286,0.472,0.374,0.371,0.187,0.469,0.406,89.9,13.1,10.9,44.5
Reynolds,Matt,608703,2022,244,0.246,0.332,0.32,0.215,0.305,0.272,0.294,0.09,0.331,0.317,90.2,5.6,3,42.4
Meneses,Joey,608841,2022,222,0.324,0.563,0.367,0.267,0.457,0.332,0.315,0.19,0.404,0.347,91.4,9.5,9.9,47.1
Andujar,Miguel,609280,2022,132,0.235,0.311,0.257,0.253,0.351,0.281,0.281,0.098,0.333,0.319,84.4,9.2,3.7,31.5
Vosler,Jason,613564,2022,98,0.265,0.469,0.342,0.244,0.376,0.312,0.326,0.132,0.381,0.346,84.7,15.2,4.3,25.7
Cordero,Franchy,614173,2022,242,0.219,0.397,0.298,0.228,0.402,0.313,0.31,0.174,0.434,0.365,89.7,12.7,12.3,45.5
Reyes,Franmil,614177,2022,438,0.221,0.365,0.273,0.203,0.358,0.275,0.259,0.155,0.381,0.32,92,9.9,11.3,45.8
Torrens,Luis,620443,2022,151,0.225,0.298,0.283,0.236,0.333,0.284,0.299,0.097,0.371,0.356,90.3,8.9,4.9,46.6
Swanson,Dansby,621020,2022,640,0.277,0.447,0.329,0.257,0.461,0.337,0.314,0.204,0.43,0.36,90.2,15.7,10.8,46.3
Newman,Kevin,621028,2022,288,0.274,0.372,0.314,0.26,0.332,0.285,0.304,0.072,0.312,0.312,85.8,13.1,1.6,27.2
Taylor,Chris,621035,2022,402,0.221,0.373,0.304,0.195,0.34,0.277,0.282,0.145,0.379,0.322,87.4,20.4,10.2,38
Correa,Carlos,621043,2022,522,0.291,0.467,0.366,0.276,0.484,0.363,0.353,0.208,0.422,0.357,89.9,11.6,11.4,44.7
Phillips,Brett,621433,2022,201,0.144,0.249,0.213,0.156,0.244,0.22,0.23,0.088,0.327,0.295,88.5,22.8,4.5,29.5
Taylor,Tyrone,621438,2022,373,0.233,0.442,0.286,0.236,0.412,0.307,0.289,0.176,0.38,0.322,88,16.9,9.9,37.6
Buxton,Byron,621439,2022,340,0.224,0.526,0.306,0.242,0.509,0.358,0.323,0.267,0.481,0.365,92.9,21.4,16.4,50.2
Bolt,Skye,621450,2022,106,0.198,0.33,0.259,0.194,0.321,0.258,0.256,0.127,0.307,0.269,89.2,9.3,5.2,35.1
Ward,Taylor,621493,2022,495,0.281,0.473,0.36,0.268,0.474,0.361,0.352,0.206,0.42,0.354,90,15.8,12.4,42.9
Nido,Tomas,621512,2022,284,0.239,0.324,0.265,0.242,0.377,0.287,0.279,0.135,0.362,0.329,86.3,8.3,6.3,33.3
Wisdom,Patrick,621550,2022,469,0.207,0.426,0.298,0.188,0.38,0.295,0.284,0.191,0.399,0.311,90.7,21,14.2,46.3
Wendle,Joey,621563,2022,347,0.259,0.36,0.296,0.25,0.331,0.276,0.289,0.081,0.294,0.29,87.5,3,1.7,36.2
Olson,Matt,621566,2022,616,0.24,0.477,0.325,0.248,0.467,0.347,0.334,0.219,0.422,0.343,92.9,16.1,13.6,50.9
Duffy,Matt,622110,2022,228,0.25,0.311,0.308,0.234,0.333,0.28,0.293,0.098,0.315,0.3,87.1,9.9,2.8,25.8
Margot,Manuel,622534,2022,336,0.274,0.375,0.325,0.264,0.357,0.299,0.316,0.092,0.339,0.33,89.5,10.2,3.7,37.9
Camargo,Johan,622666,2022,152,0.237,0.316,0.295,0.225,0.309,0.267,0.286,0.084,0.306,0.297,86.4,11.6,2.6,27.6
Reyes,Victor,622682,2022,315,0.254,0.362,0.289,0.261,0.368,0.292,0.297,0.107,0.357,0.342,87.9,10.9,5,36.8
Mateo,Jorge,622761,2022,494,0.221,0.379,0.265,0.222,0.344,0.272,0.269,0.122,0.348,0.315,86.8,14.8,6,32.7
Heineman,Tyler,623168,2022,157,0.217,0.268,0.27,0.248,0.293,0.273,0.305,0.045,0.267,0.278,82.7,19.9,0,13.2
Velazquez,Andrew,623205,2022,322,0.196,0.304,0.232,0.202,0.312,0.246,0.243,0.11,0.35,0.318,88,8.2,6.6,34
Bote,David,623520,2022,116,0.259,0.431,0.315,0.233,0.354,0.289,0.293,0.122,0.415,0.379,92.4,7.9,6.9,55.6
Ramirez,Harold,623912,2022,403,0.3,0.404,0.343,0.28,0.387,0.314,0.324,0.108,0.351,0.338,88.5,4.8,4.8,41.2
Santander,Anthony,623993,2022,574,0.24,0.455,0.318,0.257,0.471,0.352,0.335,0.214,0.395,0.325,90.1,21.4,11.6,43.3
Alonso,Pete,624413,2022,597,0.271,0.518,0.352,0.262,0.489,0.354,0.346,0.227,0.404,0.33,89.8,18.2,12.3,44.8
Arroyo,Christian,624414,2022,280,0.286,0.414,0.32,0.292,0.43,0.33,0.33,0.138,0.378,0.353,88.9,9.1,6.4,42.1
Biggio,Cavan,624415,2022,257,0.202,0.35,0.317,0.193,0.319,0.288,0.311,0.126,0.327,0.288,87.9,19.6,6.9,32.8
Frazier,Adam,624428,2022,541,0.238,0.311,0.299,0.262,0.339,0.297,0.324,0.077,0.302,0.301,85.1,13.6,1.5,24.5
Trevino,Jose,624431,2022,335,0.248,0.388,0.283,0.239,0.364,0.281,0.275,0.125,0.319,0.293,87.9,13,5.1,35
Gordon,Nick,624503,2022,405,0.272,0.427,0.314,0.261,0.464,0.333,0.308,0.203,0.413,0.347,90.6,12.5,9.4,44.7
McGuire,Reese,624512,2022,249,0.269,0.369,0.299,0.233,0.326,0.267,0.276,0.092,0.311,0.299,87,14.1,2.5,29.7
Soler,Jorge,624585,2022,270,0.207,0.4,0.294,0.226,0.421,0.322,0.312,0.196,0.415,0.339,91.2,13.7,12.2,43.6
Sosa,Edmundo,624641,2022,176,0.227,0.369,0.274,0.244,0.35,0.286,0.291,0.106,0.358,0.339,86.8,11.4,5.5,29.7
Hernandez,Yadiel,628450,2022,305,0.269,0.41,0.312,0.244,0.407,0.31,0.293,0.163,0.377,0.326,88.8,3.5,8.6,42.1
Ibanez,Andy,628451,2022,119,0.218,0.277,0.273,0.214,0.344,0.272,0.27,0.13,0.291,0.26,88.3,14.9,6.1,39.8
Cronenworth,Jake,630105,2022,587,0.239,0.39,0.33,0.221,0.356,0.303,0.319,0.135,0.318,0.282,87.6,18.2,5.6,34.1
Meadows,Austin,640457,2022,128,0.25,0.328,0.347,0.308,0.46,0.38,0.398,0.153,0.384,0.355,87.8,17.2,6.3,39.6
Mercado,Oscar,640458,2022,121,0.207,0.372,0.242,0.203,0.35,0.258,0.239,0.147,0.31,0.264,86.3,22.2,6.5,29
Pinder,Chad,640461,2022,361,0.235,0.385,0.261,0.235,0.38,0.28,0.263,0.145,0.393,0.348,87.5,9.7,6.5,40.7
Azocar,Jose,640492,2022,202,0.257,0.332,0.296,0.246,0.323,0.277,0.29,0.077,0.323,0.317,88.3,9.4,2.5,30.6
Anderson,Tim,641313,2022,332,0.301,0.395,0.339,0.302,0.438,0.34,0.34,0.136,0.385,0.362,88.2,3.3,5.8,41.2
Bellinger,Cody,641355,2022,504,0.21,0.389,0.265,0.213,0.354,0.278,0.271,0.141,0.348,0.303,89.4,20.3,8.3,38.1
Collins,Zack,641470,2022,97,0.155,0.32,0.231,0.181,0.317,0.257,0.256,0.137,0.366,0.31,91,20.1,8.8,40.4
Crawford,J.P.,641487,2022,518,0.243,0.336,0.338,0.255,0.337,0.315,0.353,0.081,0.306,0.302,85.1,8.9,2,29.7
Delay,Jason,641511,2022,155,0.213,0.271,0.263,0.2,0.251,0.23,0.253,0.051,0.29,0.295,84.9,15.7,1.9,28.3
Dozier,Hunter,641531,2022,462,0.236,0.387,0.292,0.241,0.387,0.301,0.297,0.146,0.371,0.33,88.5,13.1,7.7,38.5
Engel,Adam,641553,2022,245,0.224,0.31,0.269,0.219,0.287,0.246,0.264,0.068,0.32,0.318,87.9,15,1.8,33.1
Fraley,Jake,641584,2022,216,0.259,0.468,0.344,0.248,0.417,0.333,0.338,0.168,0.382,0.332,85.1,13.8,7.3,27.6
Garver,Mitch,641598,2022,188,0.207,0.404,0.298,0.222,0.405,0.319,0.313,0.182,0.374,0.308,88.9,18.4,8.8,38.7
Guillorme,Luis,641645,2022,297,0.273,0.34,0.349,0.255,0.335,0.302,0.335,0.08,0.303,0.302,86.2,4.3,2.4,24.9
Hampson,Garrett,641658,2022,199,0.211,0.307,0.283,0.202,0.29,0.261,0.282,0.087,0.312,0.297,86.5,10.2,4.3,27.7
Heim,Jonah,641680,2022,406,0.227,0.399,0.298,0.224,0.361,0.291,0.296,0.137,0.319,0.284,89.3,17,6.9,39.9
Leblanc,Charles,641779,2022,156,0.263,0.404,0.32,0.218,0.368,0.285,0.278,0.15,0.381,0.33,87.3,16.9,8.7,32
ManciniIII,Trey,641820,2022,519,0.239,0.391,0.319,0.245,0.41,0.327,0.328,0.165,0.383,0.332,89.5,12.7,9.8,40.4
McMahon,Ryan,641857,2022,529,0.246,0.414,0.327,0.248,0.423,0.33,0.329,0.176,0.407,0.351,91.7,10.8,10.4,46.5
Neuse,Sheldon,641914,2022,271,0.214,0.288,0.273,0.212,0.291,0.254,0.272,0.079,0.312,0.303,89.1,1.5,3.1,38.2
O'Neill,Tyler,641933,2022,334,0.228,0.392,0.308,0.24,0.423,0.331,0.324,0.183,0.41,0.345,89.8,13.6,11.3,43.3
Smith,Dominic,642086,2022,134,0.194,0.284,0.276,0.219,0.36,0.293,0.299,0.141,0.337,0.297,89.6,10.9,7.1,46.5
Tellez,Rowdy,642133,2022,529,0.219,0.461,0.306,0.252,0.479,0.349,0.337,0.226,0.404,0.328,91.1,15.3,12.9,46
VanMeter,Josh,642165,2022,171,0.187,0.292,0.266,0.224,0.341,0.288,0.301,0.117,0.33,0.302,88.1,14.3,4.7,33.6
Wade,Tyler,642180,2022,147,0.218,0.272,0.264,0.212,0.278,0.248,0.267,0.065,0.276,0.274,83.9,11.5,1.7,16
White,Eli,642201,2022,105,0.2,0.305,0.274,0.183,0.293,0.255,0.261,0.11,0.343,0.301,86.4,21.5,4.6,29.2
Mejia,Francisco,642336,2022,289,0.242,0.381,0.264,0.242,0.329,0.262,0.265,0.087,0.32,0.312,86.8,15.7,2.7,28
Siri,Jose,642350,2022,301,0.213,0.339,0.268,0.207,0.323,0.261,0.262,0.116,0.355,0.321,87.2,15.4,6.2,33
Rosario,Amed,642708,2022,637,0.283,0.403,0.312,0.276,0.396,0.31,0.308,0.12,0.354,0.335,88.4,5,4.5,38.3
Adames,Willy,642715,2022,563,0.238,0.458,0.298,0.238,0.451,0.323,0.299,0.213,0.414,0.335,88.9,18.9,13,43.6
Alcantara,Sergio,642727,2022,205,0.22,0.356,0.259,0.209,0.291,0.244,0.254,0.082,0.297,0.285,86.6,13.5,1.9,32.5
Estrada,Thairo,642731,2022,488,0.26,0.4,0.322,0.246,0.352,0.299,0.312,0.107,0.319,0.301,86.2,8.1,4.4,31.1
Wynns,Austin,642851,2022,162,0.259,0.358,0.311,0.223,0.318,0.267,0.279,0.096,0.304,0.289,84.1,10.4,4,27
Benintendi,Andrew,643217,2022,461,0.304,0.399,0.372,0.273,0.407,0.334,0.347,0.134,0.351,0.326,89.2,12.6,5.1,38.7
Cooper,Garrett,643265,2022,414,0.261,0.415,0.337,0.26,0.436,0.341,0.338,0.177,0.418,0.362,89.6,8.8,10.7,43.7
Dubon,Mauricio,643289,2022,243,0.214,0.313,0.249,0.24,0.331,0.272,0.28,0.091,0.282,0.272,84.7,16.7,2.3,29.9
Jansen,Danny,643376,2022,215,0.26,0.516,0.339,0.264,0.514,0.368,0.344,0.25,0.411,0.326,90.4,22.2,13.1,46.6
Kemp,Tony,643393,2022,497,0.235,0.334,0.305,0.219,0.291,0.267,0.294,0.072,0.257,0.254,84.4,15,1.6,14.9
Kiner-Falefa,Isiah,643396,2022,483,0.261,0.327,0.313,0.262,0.333,0.29,0.317,0.071,0.304,0.306,86.2,4.3,1.2,30.1
McNeil,Jeff,643446,2022,533,0.326,0.454,0.382,0.28,0.389,0.323,0.341,0.109,0.325,0.314,86.9,12.8,2.7,30.2
Schwindel,Frank,643524,2022,271,0.229,0.358,0.277,0.23,0.351,0.278,0.281,0.121,0.32,0.294,88.1,10.2,4.7,35.5
Chang,Yu,644374,2022,168,0.208,0.315,0.289,0.213,0.357,0.29,0.294,0.144,0.371,0.323,88.8,14.3,9,36.9
Albies,Ozzie,645277,2022,247,0.247,0.409,0.294,0.239,0.387,0.297,0.29,0.148,0.331,0.294,87.1,16.9,5.4,26.5
Robles,Victor,645302,2022,366,0.224,0.311,0.265,0.203,0.28,0.244,0.256,0.077,0.295,0.284,84.6,15.8,3.2,23.8
Herrera,Jose,645444,2022,111,0.189,0.207,0.242,0.152,0.18,0.186,0.215,0.029,0.209,0.218,84.7,3,0,11.1
Ford,Mike,645801,2022,131,0.206,0.313,0.302,0.21,0.302,0.278,0.306,0.092,0.318,0.303,88.7,18.1,3.3,33
Devers,Rafael,646240,2022,555,0.295,0.521,0.358,0.282,0.497,0.361,0.348,0.215,0.42,0.355,93.1,11.3,11.5,50.9
Naylor,Josh,647304,2022,449,0.256,0.452,0.319,0.257,0.43,0.327,0.323,0.173,0.358,0.312,89.4,10.3,8.6,42.8
Toro,Abraham,647351,2022,324,0.185,0.324,0.239,0.226,0.372,0.284,0.277,0.146,0.318,0.28,87,16.7,6.8,29.7
Diaz,Aledmys,649557,2022,305,0.243,0.403,0.287,0.261,0.396,0.308,0.306,0.134,0.343,0.315,86.6,12.4,6.3,36.8
Urias,Luis,649966,2022,406,0.239,0.404,0.335,0.238,0.398,0.326,0.335,0.161,0.358,0.311,87.3,18,8.3,35.3
Diaz,Lewin,650331,2022,160,0.169,0.288,0.224,0.167,0.262,0.219,0.223,0.095,0.275,0.248,88.3,15.6,5.6,28.7
Arraez,Luis,650333,2022,547,0.316,0.42,0.375,0.288,0.408,0.333,0.35,0.121,0.326,0.311,88.9,12.9,3.6,30.2
Jimenez,Eloy,650391,2022,292,0.295,0.5,0.358,0.266,0.512,0.365,0.335,0.246,0.437,0.35,92.8,7.4,14.7,54.9
Torres,Gleyber,650402,2022,526,0.257,0.451,0.309,0.244,0.441,0.319,0.298,0.198,0.385,0.321,90.4,17.5,10.7,45.3
Castro,Willi,650489,2022,365,0.241,0.367,0.283,0.261,0.339,0.29,0.304,0.079,0.34,0.335,84.8,13.9,3.5,31.4
Diaz,Yandy,650490,2022,473,0.296,0.423,0.401,0.288,0.424,0.365,0.395,0.137,0.353,0.329,92.2,7.7,4.8,49
DeLaCruz,Bryan,650559,2022,329,0.252,0.432,0.293,0.287,0.498,0.355,0.327,0.212,0.458,0.39,90.8,9.8,11.9,47.3
Rengifo,Luis,650859,2022,489,0.264,0.429,0.294,0.254,0.392,0.296,0.285,0.138,0.333,0.303,86.9,9.9,5.4,33.6
Adams,Riley,656180,2022,142,0.176,0.31,0.245,0.2,0.354,0.276,0.267,0.154,0.353,0.297,90.2,13.5,9.4,45.8
Allen,Greg,656185,2022,118,0.186,0.271,0.254,0.176,0.246,0.229,0.251,0.07,0.282,0.271,87.6,8.5,2.5,32.5
Chapman,Matt,656305,2022,538,0.229,0.433,0.324,0.234,0.44,0.341,0.331,0.206,0.425,0.342,92.2,19,12.9,51.2
Chavis,Michael,656308,2022,401,0.229,0.389,0.265,0.217,0.336,0.261,0.256,0.119,0.348,0.315,85.4,11.1,7.5,38.7
Fairchild,Stuart,656413,2022,97,0.247,0.464,0.336,0.221,0.396,0.317,0.313,0.175,0.409,0.341,88.9,13.3,9.5,41.3
Hilliard,Sam,656541,2022,174,0.184,0.264,0.28,0.216,0.361,0.303,0.312,0.145,0.37,0.323,92,13.4,9.2,48.7
Hoskins,Rhys,656555,2022,589,0.246,0.462,0.332,0.239,0.445,0.338,0.327,0.207,0.408,0.333,90.1,18.1,11.1,44.3
Joe,Connor,656582,2022,404,0.238,0.359,0.338,0.241,0.34,0.311,0.342,0.1,0.333,0.317,85.3,10.6,4.5,33.8
Luplow,Jordan,656669,2022,205,0.176,0.361,0.274,0.198,0.351,0.288,0.293,0.153,0.331,0.278,87.2,17.7,7.5,32.9
McKinstry,Zach,656716,2022,166,0.199,0.361,0.27,0.229,0.342,0.288,0.3,0.113,0.359,0.333,86.4,12.9,4.3,30.2
MullinsII,Cedric,656775,2022,608,0.258,0.403,0.317,0.232,0.349,0.288,0.297,0.117,0.318,0.293,88.8,17.4,4.9,37.3
O'Hearn,Ryan,656811,2022,134,0.239,0.321,0.29,0.271,0.425,0.327,0.321,0.154,0.405,0.367,92.1,13.4,7,48
Rivera,Emmanuel,656896,2022,330,0.233,0.409,0.292,0.238,0.41,0.31,0.296,0.173,0.37,0.316,90.4,9.8,9.3,38.3
Schwarber,Kyle,656941,2022,577,0.218,0.504,0.323,0.237,0.535,0.375,0.341,0.298,0.501,0.365,93.3,19.2,20.1,54.4
Smith,Pavin,656976,2022,245,0.22,0.367,0.3,0.213,0.375,0.301,0.297,0.162,0.353,0.294,87.9,15.2,9.9,35.9
Thomas,Lane,657041,2022,498,0.241,0.404,0.301,0.222,0.357,0.286,0.286,0.135,0.339,0.302,86.4,12.5,6.5,34.5
Verdugo,Alex,657077,2022,593,0.28,0.405,0.328,0.278,0.428,0.329,0.327,0.151,0.353,0.323,89.1,8.4,6,38.2
DeJong,Paul,657557,2022,210,0.157,0.286,0.245,0.182,0.327,0.267,0.267,0.146,0.345,0.287,87.6,21.7,9.8,37.6
Laureano,Ramon,657656,2022,346,0.211,0.376,0.287,0.219,0.402,0.307,0.294,0.183,0.38,0.313,88.7,14.9,11.6,38.4
Papierski,Michael,657709,2022,91,0.143,0.187,0.223,0.171,0.204,0.217,0.253,0.033,0.231,0.24,77.4,12.2,0,9
Sheets,Gavin,657757,2022,377,0.241,0.411,0.295,0.224,0.359,0.283,0.281,0.135,0.325,0.29,88.6,14.8,6.5,36.1
Olivares,Edward,658668,2022,161,0.286,0.41,0.333,0.288,0.433,0.339,0.339,0.145,0.403,0.373,89.2,6.6,6.3,38.9
Moncada,Yoan,660162,2022,397,0.212,0.353,0.273,0.22,0.375,0.289,0.282,0.155,0.36,0.309,88.7,15.7,9.8,37.5
Ohtani,Shohei,660271,2022,586,0.273,0.519,0.356,0.275,0.549,0.383,0.358,0.274,0.481,0.377,92.9,12.1,16.8,49.8
Tsutsugo,Yoshi,660294,2022,170,0.171,0.229,0.249,0.197,0.285,0.254,0.275,0.088,0.29,0.274,88.8,10.1,5.6,36.3
Castillo,Diego,660636,2022,262,0.206,0.382,0.251,0.224,0.389,0.292,0.273,0.164,0.374,0.315,89.1,14.6,9.9,38.7
Brujan,Vidal,660644,2022,147,0.163,0.259,0.228,0.189,0.256,0.236,0.256,0.066,0.261,0.255,86.1,14.2,2.7,27.7
Garcia,Dermis,660650,2022,116,0.207,0.388,0.264,0.167,0.324,0.244,0.227,0.157,0.398,0.318,86.5,12.2,13.1,42.6
AcunaJr.,Ronald,660670,2022,467,0.266,0.413,0.351,0.272,0.486,0.366,0.358,0.214,0.444,0.371,91.2,10.8,12.8,49.7
Ruiz,Keibert,660688,2022,394,0.251,0.36,0.312,0.277,0.403,0.328,0.337,0.126,0.338,0.317,88,14.9,3.7,32.3
Montero,Elehuris,660707,2022,176,0.233,0.432,0.27,0.213,0.338,0.26,0.251,0.125,0.36,0.323,89.8,13.2,8.6,39.7
Gonzalez,Oscar,660757,2022,362,0.296,0.461,0.327,0.279,0.422,0.32,0.313,0.143,0.383,0.352,88.6,5.4,7.3,40.1
Yepez,Juan,660766,2022,253,0.253,0.447,0.296,0.216,0.394,0.286,0.263,0.178,0.34,0.281,86.5,17.1,9.2,33.7
Sanchez,Jesus,660821,2022,313,0.214,0.403,0.28,0.226,0.383,0.298,0.29,0.158,0.37,0.318,89.5,11,9.9,40.5
Contreras,William,661388,2022,334,0.278,0.506,0.354,0.243,0.479,0.347,0.323,0.235,0.446,0.352,90.4,6.1,13.4,46.6
Serven,Brian,661531,2022,187,0.203,0.332,0.259,0.212,0.291,0.254,0.271,0.08,0.286,0.277,84.5,12.5,2.7,29.5
Varsho,Daulton,662139,2022,531,0.235,0.443,0.301,0.214,0.389,0.298,0.285,0.176,0.355,0.294,87.7,14.9,10.2,35.6
Nootbaar,Lars,663457,2022,290,0.228,0.448,0.34,0.247,0.414,0.346,0.36,0.167,0.377,0.325,91.7,10.7,12.1,46
Nevin,Tyler,663527,2022,157,0.197,0.261,0.299,0.212,0.324,0.291,0.314,0.111,0.324,0.296,87.3,17.7,3.5,37.7
Hoerner,Nico,663538,2022,481,0.281,0.41,0.327,0.27,0.367,0.301,0.318,0.097,0.314,0.306,87.2,10.6,2.6,33.5
Riley,Austin,663586,2022,615,0.273,0.528,0.349,0.271,0.531,0.378,0.349,0.26,0.468,0.372,92.5,12.9,15.7,50.8
Madrigal,Nick,663611,2022,209,0.249,0.282,0.303,0.256,0.311,0.283,0.313,0.055,0.286,0.295,85.9,-0.2,0,24.6
Larnach,Trevor,663616,2022,160,0.231,0.406,0.306,0.227,0.442,0.322,0.303,0.215,0.437,0.349,90.1,13.1,11.4,43.8
Mountcastle,Ryan,663624,2022,555,0.25,0.423,0.305,0.277,0.509,0.362,0.332,0.232,0.463,0.381,91.3,15.9,15,46.3
McKenna,Ryan,663630,2022,156,0.237,0.34,0.291,0.21,0.331,0.267,0.271,0.121,0.361,0.325,86.7,15.4,9.6,30.1
Hayes,Ke'Bryan,663647,2022,505,0.244,0.345,0.314,0.25,0.354,0.303,0.321,0.105,0.347,0.33,91,5.2,3.9,46.8
Tucker,Kyle,663656,2022,544,0.257,0.478,0.328,0.262,0.482,0.353,0.336,0.22,0.386,0.319,90,19,10.2,42.4
India,Jonathan,663697,2022,386,0.249,0.378,0.327,0.238,0.353,0.301,0.318,0.116,0.339,0.315,85.1,14.5,4.8,28.8
Bart,Joey,663698,2022,261,0.215,0.364,0.296,0.21,0.37,0.296,0.292,0.16,0.439,0.37,87.3,16.3,10.1,43
Raleigh,Cal,663728,2022,370,0.211,0.489,0.284,0.216,0.461,0.324,0.29,0.246,0.422,0.317,90.9,22.5,15.4,43.5
Fortes,Nick,663743,2022,217,0.23,0.392,0.304,0.249,0.398,0.319,0.322,0.148,0.353,0.316,89.3,15.4,7,37.8
Grisham,Trent,663757,2022,451,0.184,0.341,0.281,0.204,0.354,0.295,0.302,0.15,0.358,0.304,88.3,15.1,8.1,35.5
Vierling,Matt,663837,2022,325,0.246,0.351,0.297,0.279,0.408,0.327,0.331,0.129,0.379,0.353,91.2,12,5,47.1
RivasIII,Alfonso,663845,2022,251,0.235,0.307,0.321,0.219,0.308,0.281,0.309,0.09,0.349,0.333,86.9,4.9,4.2,35.3
Gonzalez,Romy,663853,2022,105,0.238,0.352,0.257,0.228,0.359,0.265,0.248,0.131,0.401,0.36,91.2,3.3,9,49.3
Stephenson,Tyler,663886,2022,166,0.319,0.482,0.372,0.26,0.394,0.318,0.323,0.134,0.395,0.364,87.1,11.1,6.6,34.7
Williams,Luke,663897,2022,127,0.236,0.315,0.287,0.198,0.272,0.233,0.251,0.074,0.313,0.302,83.3,16.7,3.6,22.9
Rodgers,Brendan,663898,2022,527,0.266,0.408,0.325,0.265,0.404,0.326,0.33,0.139,0.361,0.331,90,4.6,7.2,45.9
Lowe,Nathaniel,663993,2022,593,0.302,0.492,0.358,0.275,0.459,0.344,0.333,0.184,0.419,0.365,90.2,8.2,9.9,44.8
Happ,Ian,664023,2022,573,0.271,0.44,0.342,0.239,0.379,0.306,0.315,0.14,0.359,0.322,89.7,10.9,6.5,40.4
France,Ty,664034,2022,551,0.274,0.436,0.338,0.262,0.398,0.321,0.33,0.136,0.343,0.316,87.6,10.1,5.4,36.7
Lowe,Brandon,664040,2022,235,0.221,0.383,0.308,0.237,0.401,0.32,0.322,0.164,0.368,0.318,89.4,16.6,10.3,38.9
Bader,Harrison,664056,2022,292,0.25,0.356,0.294,0.234,0.321,0.27,0.279,0.088,0.307,0.295,83.4,16.7,3.4,26.3
Fletcher,David,664058,2022,216,0.255,0.333,0.285,0.285,0.344,0.295,0.317,0.059,0.299,0.308,82.1,15,0,7.4
Haggerty,Sam,664059,2022,176,0.256,0.403,0.333,0.23,0.33,0.285,0.313,0.1,0.344,0.325,86,13.6,4,24.6
Moore,Dylan,664238,2022,205,0.224,0.385,0.365,0.202,0.36,0.322,0.35,0.158,0.378,0.317,87.2,20.7,12.9,36.4
Garlick,Kyle,664247,2022,150,0.233,0.433,0.284,0.227,0.423,0.305,0.279,0.195,0.405,0.332,90.2,15.1,9.7,47.6
Lopez,Alejo,664670,2022,145,0.262,0.331,0.314,0.249,0.329,0.28,0.303,0.08,0.295,0.292,83.8,9.3,0.8,20.2
Straw,Myles,664702,2022,535,0.221,0.273,0.29,0.236,0.301,0.275,0.306,0.065,0.278,0.281,87,9.8,0.7,26.5
Isbel,Kyle,664728,2022,256,0.211,0.34,0.263,0.22,0.323,0.266,0.273,0.102,0.33,0.31,89.7,10.6,4.9,44.6
Higgins,P.J.,664731,2022,201,0.229,0.383,0.306,0.205,0.287,0.264,0.29,0.081,0.3,0.288,86,8.7,3.4,25.5
Bohm,Alec,664761,2022,586,0.28,0.398,0.315,0.29,0.436,0.333,0.327,0.146,0.383,0.353,90.2,10.4,6.8,43
WadeJr.,LaMonte,664774,2022,217,0.207,0.359,0.303,0.221,0.407,0.321,0.317,0.187,0.349,0.287,87.7,21.1,9.5,34.3
Zavala,Seby,664874,2022,178,0.27,0.382,0.341,0.207,0.326,0.283,0.295,0.119,0.362,0.324,88.8,22.7,9.2,37
Mendick,Danny,664901,2022,97,0.289,0.443,0.34,0.229,0.327,0.273,0.287,0.099,0.313,0.3,86.8,10.3,4,20
Brown,Seth,664913,2022,500,0.23,0.444,0.305,0.251,0.454,0.338,0.324,0.203,0.426,0.354,89.2,15.8,13,41.4
McCarthy,Jake,664983,2022,321,0.283,0.427,0.339,0.249,0.357,0.298,0.31,0.108,0.343,0.325,87.4,8,4.8,33.7
Clemens,Kody,665019,2022,117,0.145,0.308,0.197,0.193,0.325,0.249,0.242,0.132,0.304,0.264,89.4,17.4,5.8,37.2
Walsh,Jared,665120,2022,423,0.215,0.374,0.269,0.221,0.368,0.28,0.274,0.147,0.376,0.328,90.1,10.7,9.5,42.5
Pena,Jeremy,665161,2022,521,0.253,0.426,0.287,0.248,0.397,0.3,0.285,0.149,0.376,0.333,88.1,8.7,9.7,36.7
Celestino,Gilberto,665482,2022,311,0.238,0.302,0.311,0.219,0.294,0.27,0.297,0.075,0.298,0.292,87.3,-1.9,2.5,34.3
GuerreroJr.,Vladimir,665489,2022,638,0.274,0.48,0.339,0.276,0.462,0.348,0.342,0.185,0.387,0.337,92.8,4.3,11.2,50.4
Pache,Cristian,665506,2022,241,0.166,0.241,0.215,0.228,0.3,0.259,0.276,0.072,0.326,0.322,89.4,3.8,3.4,40.8
Soto,Juan,665742,2022,524,0.242,0.452,0.401,0.266,0.501,0.401,0.42,0.235,0.402,0.326,91,9.1,12.4,47.4
Taveras,Leody,665750,2022,314,0.261,0.366,0.308,0.23,0.322,0.27,0.281,0.092,0.332,0.317,89.3,12,4.3,36.1
Cabrera,Oswaldo,665828,2022,154,0.247,0.429,0.31,0.22,0.361,0.287,0.288,0.141,0.347,0.306,86.8,21.5,6.3,34.8
Cruz,Oneil,665833,2022,331,0.233,0.45,0.294,0.223,0.41,0.304,0.286,0.188,0.439,0.36,91.9,8.3,15.5,46.1
ChisholmJr.,Jazz,665862,2022,213,0.254,0.535,0.324,0.242,0.473,0.345,0.32,0.23,0.442,0.352,90.4,15.5,16.7,46.7
Gimenez,Andres,665926,2022,491,0.297,0.466,0.368,0.257,0.4,0.326,0.336,0.143,0.368,0.332,87.8,11.7,6.2,37.8
Kirilloff,Alex,666135,2022,144,0.25,0.361,0.288,0.232,0.369,0.282,0.274,0.138,0.34,0.304,89.3,6.1,6.4,45.5
Lowe,Josh,666139,2022,181,0.221,0.343,0.283,0.212,0.339,0.272,0.276,0.127,0.373,0.333,88.3,11.4,5.2,37.1
Lux,Gavin,666158,2022,421,0.276,0.399,0.346,0.247,0.372,0.314,0.325,0.124,0.351,0.322,88,6.8,6.1,39.8
Moniak,Mickey,666160,2022,106,0.17,0.302,0.205,0.155,0.262,0.203,0.193,0.107,0.307,0.265,84.9,19.1,7.9,31.7
Adell,Jo,666176,2022,268,0.224,0.373,0.263,0.201,0.315,0.251,0.245,0.114,0.375,0.337,87.4,16.7,9.9,37.7
Beer,Seth,666179,2022,111,0.189,0.243,0.278,0.215,0.315,0.276,0.302,0.101,0.315,0.296,85.9,10.7,3.7,29.6
Bichette,Bo,666182,2022,652,0.29,0.469,0.333,0.278,0.444,0.334,0.322,0.166,0.408,0.364,91.9,8.5,9.6,50.3
Carlson,Dylan,666185,2022,432,0.236,0.38,0.316,0.234,0.355,0.301,0.316,0.121,0.326,0.298,86.1,12.9,4.4,27.2
Trammell,Taylor,666211,2022,102,0.196,0.402,0.282,0.206,0.357,0.292,0.294,0.151,0.356,0.302,88.3,20.5,9.9,28.2
Morel,Christopher,666624,2022,379,0.235,0.433,0.306,0.233,0.435,0.324,0.307,0.202,0.447,0.364,89.6,9.1,13.4,40.3
Castro,Rodolfo,666801,2022,253,0.233,0.427,0.299,0.21,0.354,0.28,0.276,0.144,0.344,0.297,87.3,11.7,6.7,35
Dalbec,Bobby,666915,2022,317,0.215,0.369,0.283,0.216,0.379,0.296,0.287,0.163,0.406,0.341,90.3,15.2,11.8,45.8
Garcia,Adolis,666969,2022,605,0.25,0.456,0.3,0.244,0.447,0.322,0.296,0.204,0.422,0.347,92.1,13.2,12.9,47.4
GurrielJr.,Lourdes,666971,2022,453,0.291,0.4,0.343,0.273,0.4,0.321,0.328,0.127,0.356,0.334,90.6,10.9,3.8,45.7
Arozarena,Randy,668227,2022,586,0.263,0.445,0.327,0.234,0.382,0.301,0.301,0.148,0.36,0.318,89.9,8.8,7.9,41
Pratto,Nick,668472,2022,158,0.184,0.386,0.269,0.173,0.322,0.267,0.266,0.149,0.364,0.296,86,19.7,12.5,36.5
Bleday,JJ,668709,2022,204,0.167,0.309,0.277,0.19,0.315,0.28,0.297,0.126,0.32,0.279,86.3,25,8.6,33.8
Steer,Spencer,668715,2022,95,0.211,0.326,0.306,0.209,0.308,0.281,0.305,0.099,0.309,0.288,84.7,13.6,5.8,31.9
Baddoo,Akil,668731,2022,201,0.204,0.269,0.289,0.192,0.27,0.253,0.278,0.078,0.295,0.282,85,14.2,3.6,27
Mitchell,Cal,668751,2022,212,0.226,0.349,0.284,0.238,0.358,0.292,0.297,0.121,0.341,0.315,89.9,7.5,4.9,40.7
Knizner,Andrew,668800,2022,260,0.215,0.3,0.3,0.219,0.306,0.28,0.305,0.087,0.3,0.288,86,15.6,3.5,33.2
Reynolds,Bryan,668804,2022,542,0.262,0.461,0.345,0.249,0.416,0.329,0.334,0.167,0.385,0.336,90.2,12,7.9,42.9
Rutschman,Adley,668939,2022,398,0.254,0.445,0.362,0.248,0.411,0.342,0.358,0.163,0.359,0.315,87.9,15.6,7.9,36.8
Rojas,Josh,668942,2022,443,0.269,0.391,0.345,0.242,0.365,0.308,0.327,0.123,0.334,0.309,88.8,11.9,4.5,36.1
MelendezJr.,MJ,669004,2022,460,0.217,0.393,0.313,0.237,0.41,0.332,0.334,0.173,0.392,0.331,90.7,15.1,10.4,43.5
Marsh,Brandon,669016,2022,424,0.245,0.384,0.293,0.226,0.372,0.287,0.279,0.146,0.41,0.359,89.2,10.9,7.4,38.2
Huff,Sam,669087,2022,121,0.24,0.372,0.303,0.226,0.385,0.294,0.29,0.159,0.4,0.346,88.9,9.7,10.1,36.7
Langeliers,Shea,669127,2022,142,0.218,0.43,0.261,0.2,0.345,0.261,0.247,0.144,0.372,0.317,87.3,16.9,9.9,38.5
Murphy,Sean,669221,2022,537,0.25,0.426,0.332,0.255,0.439,0.344,0.34,0.184,0.39,0.333,88.7,11.5,10.5,41.4
Senzel,Nick,669222,2022,373,0.231,0.306,0.288,0.249,0.355,0.299,0.313,0.106,0.329,0.313,87.2,11.7,3.3,33.9
Edman,Tommy,669242,2022,577,0.265,0.4,0.324,0.258,0.38,0.308,0.318,0.122,0.341,0.319,88.6,8.7,6.2,37.8
Smith,Will,669257,2022,508,0.26,0.465,0.343,0.257,0.473,0.352,0.341,0.216,0.382,0.315,89.9,18.4,10.3,43
Suwinski,Jack,669261,2022,326,0.202,0.411,0.298,0.204,0.393,0.307,0.3,0.189,0.392,0.313,88.3,14.3,12.2,40.4
Espinal,Santiago,669289,2022,449,0.267,0.37,0.322,0.263,0.348,0.298,0.319,0.085,0.313,0.309,86.1,14.1,3.4,31.7
Miranda,Jose,669304,2022,444,0.268,0.426,0.325,0.253,0.41,0.317,0.312,0.157,0.358,0.318,89.3,13.8,6.2,42.4
Thompson,Bubba,669352,2022,170,0.265,0.312,0.298,0.171,0.234,0.203,0.212,0.064,0.263,0.255,84.8,5.3,1.7,21.6
Gorman,Nolan,669357,2022,283,0.226,0.42,0.3,0.239,0.476,0.341,0.312,0.237,0.479,0.376,89.2,20,14.4,43.3
Hiura,Keston,669374,2022,234,0.226,0.449,0.316,0.205,0.425,0.317,0.297,0.221,0.507,0.389,91.7,16.1,15.3,45.2
Burger,Jake,669394,2022,168,0.25,0.458,0.301,0.225,0.46,0.318,0.281,0.235,0.438,0.338,90.7,12.3,14.9,43
Allen,Nick,669397,2022,299,0.207,0.291,0.252,0.21,0.266,0.238,0.259,0.056,0.264,0.267,83.9,7.6,1.2,22.3
Hummel,Cooper,669450,2022,176,0.176,0.307,0.274,0.21,0.332,0.292,0.307,0.122,0.374,0.335,87.6,7.7,7.1,35.4
Smith,JoshH.,669701,2022,213,0.197,0.249,0.304,0.224,0.313,0.296,0.33,0.09,0.301,0.288,87,19.2,2.4,28.6
Hays,Austin,669720,2022,535,0.25,0.413,0.306,0.24,0.372,0.298,0.298,0.132,0.337,0.306,87.7,11.3,5.2,37.7
Hall,Darick,669742,2022,136,0.25,0.522,0.282,0.232,0.462,0.312,0.264,0.23,0.436,0.343,91.4,18.6,17.4,44.6
Call,Alex,669743,2022,114,0.237,0.412,0.336,0.212,0.294,0.281,0.314,0.082,0.299,0.288,86.3,18.4,1.2,31
Toglia,Michael,669911,2022,111,0.216,0.378,0.275,0.218,0.305,0.261,0.276,0.088,0.375,0.361,87.4,17,7.5,40.3
Lopez,Nicky,670032,2022,436,0.227,0.273,0.275,0.243,0.312,0.273,0.296,0.069,0.282,0.284,84.9,4.9,1.6,22.9
Alvarez,Yordan,670541,2022,470,0.306,0.613,0.406,0.329,0.672,0.462,0.43,0.343,0.548,0.423,95.2,12.3,21,59.8
Paredes,Isaac,670623,2022,331,0.205,0.435,0.304,0.21,0.348,0.297,0.31,0.138,0.301,0.263,87.4,15.8,6.4,38.7
Brosseau,Mike,670712,2022,141,0.255,0.418,0.344,0.213,0.359,0.3,0.307,0.146,0.373,0.323,89.1,14.6,8.6,41.9
Walls,Taylor,670764,2022,407,0.172,0.285,0.266,0.196,0.304,0.27,0.29,0.108,0.304,0.277,86.3,16.6,6.2,28.5
Gonzalez,Luis,670768,2022,311,0.254,0.36,0.323,0.215,0.306,0.268,0.289,0.091,0.294,0.279,86.9,10.9,2.9,32
FriedlJr.,TJ,670770,2022,225,0.24,0.436,0.314,0.215,0.335,0.283,0.295,0.119,0.284,0.257,87.2,19.8,4.7,29.8
Waters,Drew,671221,2022,96,0.24,0.479,0.321,0.195,0.376,0.293,0.285,0.18,0.418,0.335,84.1,10.4,12.5,28.6
Garcia,Luis,671277,2022,360,0.275,0.408,0.294,0.26,0.409,0.305,0.285,0.149,0.381,0.34,87.3,5.5,7.5,36.7
HarrisII,Michael,671739,2022,414,0.297,0.514,0.338,0.268,0.46,0.335,0.312,0.192,0.422,0.362,89.5,4.5,10.1,45.1
Kelenic,Jarred,672284,2022,163,0.141,0.313,0.221,0.172,0.351,0.269,0.252,0.179,0.358,0.277,86,18,13.6,35
Kirk,Alejandro,672386,2022,470,0.285,0.415,0.372,0.278,0.431,0.351,0.367,0.153,0.347,0.316,90.5,8.1,6.7,45.4
Perdomo,Geraldo,672695,2022,431,0.195,0.262,0.278,0.213,0.282,0.269,0.302,0.069,0.283,0.28,85,12.1,2,25.1
Marcano,Tucupita,672779,2022,160,0.206,0.306,0.249,0.176,0.243,0.213,0.227,0.068,0.248,0.24,84.7,11.1,1.6,17.2
RobertJr.,Luis,673357,2022,380,0.284,0.426,0.319,0.272,0.449,0.327,0.307,0.178,0.387,0.34,89.3,10,8.9,42.8
Kim,Ha-Seong,673490,2022,517,0.251,0.383,0.323,0.25,0.368,0.309,0.324,0.119,0.33,0.307,86.7,16.1,4.2,32.4
Suzuki,Seiya,673548,2022,397,0.262,0.433,0.336,0.247,0.419,0.327,0.325,0.172,0.397,0.342,89.6,11.2,11,41.3
Jung,Josh,673962,2022,98,0.204,0.418,0.235,0.225,0.403,0.287,0.255,0.178,0.45,0.374,85.5,14.3,10.2,32.2
Smith,Kevin,675656,2022,139,0.18,0.302,0.212,0.186,0.319,0.236,0.223,0.133,0.304,0.262,87,16.4,7.8,33.3
Velazquez,Nelson,676369,2022,185,0.205,0.373,0.286,0.209,0.399,0.305,0.291,0.19,0.405,0.325,89.2,12.3,13.3,43.6
Clement,Ernie,676391,2022,163,0.184,0.209,0.24,0.235,0.328,0.277,0.29,0.093,0.29,0.278,85,11.8,3.6,25.7
Barrero,Jose,676480,2022,165,0.152,0.206,0.195,0.14,0.211,0.18,0.185,0.071,0.284,0.261,87.5,17.7,2.2,35.2
Madris,Bligh,676632,2022,113,0.177,0.265,0.244,0.211,0.309,0.262,0.275,0.098,0.309,0.29,88.9,10.5,4.9,41.5
Meyers,Jake,676694,2022,150,0.227,0.313,0.269,0.205,0.292,0.251,0.254,0.086,0.351,0.326,87.3,7.2,5.2,37.1
Trejo,Alan,676701,2022,118,0.271,0.424,0.312,0.242,0.375,0.291,0.285,0.133,0.362,0.329,86.2,13.6,4.6,31.4
McCormick,Chas,676801,2022,359,0.245,0.407,0.332,0.232,0.414,0.325,0.321,0.183,0.393,0.329,88.1,12.8,10.2,39
Franco,Wander,677551,2022,314,0.277,0.417,0.328,0.285,0.408,0.331,0.34,0.123,0.338,0.319,87.3,8.2,4.6,35.8
Rodriguez,Julio,677594,2022,511,0.284,0.509,0.345,0.254,0.46,0.337,0.319,0.206,0.428,0.356,92,10.1,13.1,50.7
Duran,Ezequiel,677649,2022,208,0.236,0.365,0.277,0.216,0.317,0.256,0.259,0.101,0.313,0.293,85.9,9.5,4.5,31.8
Thomas,Alek,677950,2022,381,0.231,0.344,0.275,0.238,0.335,0.277,0.285,0.097,0.31,0.295,87.4,2.6,3.8,34.6
WittJr.,Bobby,677951,2022,591,0.254,0.428,0.294,0.252,0.427,0.313,0.294,0.174,0.377,0.326,89.7,16.8,8.7,38.6
Torkelson,Spencer,679529,2022,360,0.203,0.319,0.285,0.226,0.378,0.305,0.307,0.151,0.358,0.313,90.5,15,8.4,41.8
Vavra,Terrin,679631,2022,89,0.258,0.337,0.34,0.264,0.353,0.318,0.348,0.089,0.34,0.332,87.5,10.7,1.4,23.6
Palacios,Richie,680700,2022,112,0.232,0.286,0.293,0.244,0.31,0.277,0.308,0.066,0.296,0.3,85,13.5,1.1,21.5
Kwan,Steven,680757,2022,563,0.298,0.4,0.371,0.268,0.341,0.312,0.348,0.073,0.298,0.3,85.1,11.8,1.4,20.8
Duran,Jarren,680776,2022,204,0.221,0.363,0.283,0.219,0.353,0.282,0.281,0.134,0.355,0.315,89.3,7.6,7.7,38
Jeffers,Ryan,680777,2022,212,0.208,0.363,0.284,0.218,0.424,0.315,0.295,0.206,0.388,0.309,88.2,18.2,13.2,42.4
Burdick,Peyton,680814,2022,92,0.207,0.38,0.284,0.205,0.387,0.296,0.283,0.182,0.408,0.331,90,18,10.5,38.6
Miller,Owen,680911,2022,424,0.243,0.351,0.301,0.246,0.341,0.291,0.307,0.095,0.325,0.312,85.8,10.1,3.5,31.2
Donovan,Brendan,680977,2022,391,0.281,0.379,0.393,0.266,0.365,0.339,0.381,0.099,0.332,0.322,87.7,6,3.4,37.7
Stott,Bryson,681082,2022,427,0.234,0.358,0.294,0.237,0.34,0.284,0.297,0.103,0.315,0.299,88.1,13.1,4.4,36.8
Bride,Jonah,681146,2022,162,0.204,0.247,0.299,0.217,0.3,0.282,0.314,0.084,0.278,0.27,86.9,11.5,1.5,31.1
Carpenter,Kerry,681481,2022,103,0.252,0.485,0.31,0.211,0.397,0.294,0.274,0.186,0.374,0.305,87.2,14.5,11.1,36.1
Villar,David,681584,2022,156,0.231,0.455,0.331,0.189,0.327,0.285,0.296,0.139,0.353,0.299,86.8,17.8,9.1,36.4
Eaton,Nate,681987,2022,106,0.264,0.387,0.328,0.233,0.352,0.297,0.307,0.12,0.35,0.318,85.8,13.6,5,27.5
Abrams,CJ,682928,2022,284,0.246,0.324,0.278,0.241,0.316,0.266,0.277,0.075,0.297,0.292,86.5,6.8,2.1,30.7
Greene,Riley,682985,2022,376,0.253,0.362,0.321,0.246,0.388,0.316,0.318,0.142,0.406,0.362,89.5,2.8,9.3,45.2
Carroll,Corbin,682998,2022,104,0.26,0.5,0.33,0.221,0.359,0.293,0.295,0.138,0.356,0.315,85.8,9.1,5.5,32.9
Henderson,Gunnar,683002,2022,116,0.259,0.44,0.348,0.25,0.432,0.338,0.341,0.181,0.415,0.354,92.4,2,9.8,53.7
Vaughn,Andrew,683734,2022,510,0.271,0.429,0.321,0.255,0.415,0.319,0.311,0.16,0.357,0.316,90.8,7.5,7.9,48.6
Pasquantino,Vinnie,686469,2022,258,0.295,0.45,0.383,0.289,0.476,0.374,0.38,0.187,0.379,0.333,91.2,12.1,8.8,46.9
Massey,Michael,686681,2022,173,0.243,0.376,0.304,0.243,0.45,0.332,0.31,0.207,0.402,0.33,89.3,16.4,13,38.2
Grissom,Vaughn,687093,2022,141,0.291,0.44,0.353,0.259,0.412,0.326,0.328,0.153,0.385,0.345,84.6,9,7.4,34.3