last_name,first_name,player_id,year,p_era,p_opp_batting_avg,xba,xslg,woba,xwoba,xobp,xiso,exit_velocity_avg,launch_angle_avg,sweet_spot_percent,barrel_batted_rate,groundballs_percent,flyballs_percent,linedrives_percent
Greinke,Zack,425844,2023,4.61,0.282,0.305,0.511,0.333,0.358,0.327,0.207,90.8,12,33.7,8.7,40.2,26.1,31.5
Kluber,Corey,446372,2023,6.75,0.25,0.241,0.504,0.362,0.35,0.312,0.263,89.8,20.3,36.8,10.5,31.6,32.9,22.4
Hill,Rich,448179,2023,4.85,0.272,0.296,0.577,0.371,0.395,0.353,0.28,88.7,19.1,46.9,14.8,32.1,27.2,29.6
Morton,Charlie,450203,2023,2.76,0.257,0.268,0.485,0.32,0.362,0.348,0.217,88.3,6,29.2,9,49.4,31.5,15.7
Lynn,Lance,458681,2023,7.52,0.309,0.285,0.519,0.401,0.383,0.367,0.234,90.4,14.1,44.9,9,35.9,28.2,28.2
Kershaw,Clayton,477132,2023,2.32,0.193,0.242,0.413,0.244,0.298,0.278,0.171,88.7,9.3,37.3,8.4,49.4,21.7,25.3
Gibson,Kyle,502043,2023,3.6,0.243,0.256,0.479,0.323,0.343,0.318,0.224,88.9,10.5,36.9,11.9,46.4,23.8,26.2
Cobb,Alex,502171,2023,1.91,0.278,0.261,0.418,0.298,0.305,0.286,0.157,89.8,0.6,28.1,7.9,61.8,15.7,20.2
Kelly,Merrill,518876,2023,3.42,0.202,0.252,0.435,0.318,0.365,0.384,0.183,90.9,5.1,35.9,7.8,51.6,26.6,18.8
Sale,Chris,519242,2023,8.22,0.316,0.254,0.464,0.403,0.366,0.348,0.211,90.9,9.5,35.8,11.9,40.3,25.4,29.9
Perez,Martin,527048,2023,2.6,0.288,0.263,0.397,0.335,0.31,0.31,0.135,88,11.6,30.7,4.5,43.2,23.9,23.9
Cole,Gerrit,543037,2023,0.79,0.155,0.207,0.305,0.203,0.262,0.277,0.098,89.5,14,27.6,3.9,46.1,21.1,23.7
DeSclafani,Anthony,543101,2023,2.7,0.223,0.275,0.464,0.268,0.326,0.294,0.189,90.4,4.2,29.1,12.8,53.5,18.6,23.3
Eovaldi,Nathan,543135,2023,5.2,0.306,0.268,0.386,0.351,0.302,0.304,0.118,89.3,5.1,40.7,2.5,45.7,14.8,34.6
Gray,Sonny,543243,2023,0.62,0.192,0.195,0.331,0.248,0.27,0.272,0.136,90.2,13.6,35.2,7,46.5,18.3,25.4
Lyles,Jordan,543475,2023,4.88,0.24,0.28,0.53,0.327,0.364,0.323,0.25,90.3,21.2,37,12,28,42,22
Wheeler,Zack,554430,2023,4.73,0.252,0.231,0.304,0.309,0.283,0.311,0.073,85.6,14.4,38,1.4,36.6,25.4,32.4
Corbin,Patrick,571578,2023,5.88,0.313,0.333,0.533,0.368,0.389,0.374,0.2,89.7,8.1,40.2,8.2,47.4,18.6,29.9
Matz,Steven,571927,2023,6.23,0.308,0.273,0.451,0.383,0.354,0.355,0.178,91.1,9.2,32.1,7.7,48.7,28.2,21.8
Mikolas,Miles,571945,2023,7.46,0.366,0.338,0.582,0.429,0.404,0.374,0.244,91.3,13.3,47.8,12,33.7,25,38
Stroman,Marcus,573186,2023,2.17,0.175,0.23,0.334,0.253,0.292,0.311,0.104,87.4,1.8,21.9,2.7,60.3,13.7,21.9
Kikuchi,Yusei,579328,2023,3,0.24,0.262,0.477,0.307,0.335,0.304,0.215,91.8,11.7,37.5,9.7,41.7,29.2,25
Gausman,Kevin,592332,2023,2.84,0.223,0.234,0.43,0.273,0.299,0.264,0.197,90.9,13.4,33.8,10,45,28.7,20
Gray,Jon,592351,2023,3.91,0.239,0.269,0.471,0.336,0.369,0.374,0.202,87,10.6,33.8,8.1,45.9,31.1,20.3
Smyly,Drew,592767,2023,3.21,0.198,0.188,0.284,0.254,0.241,0.248,0.096,84.1,21.7,26.7,4,36,28,20
Syndergaard,Noah,592789,2023,6.58,0.296,0.279,0.461,0.367,0.341,0.323,0.182,86.8,13,42.5,9.2,39.1,26.4,31
Velasquez,Vince,592826,2023,3.76,0.21,0.21,0.366,0.286,0.295,0.295,0.157,86.1,19.1,31.1,8.1,33.8,33.8,21.6
Walker,Taijuan,592836,2023,4.97,0.223,0.228,0.409,0.327,0.328,0.33,0.181,85.9,2.3,33.8,8.5,59.2,15.5,21.1
German,Domingo,593334,2023,5.54,0.198,0.246,0.484,0.316,0.349,0.321,0.239,88.7,13.4,35.9,17.2,39.1,31.3,20.3
Rodriguez,Eduardo,593958,2023,2.32,0.194,0.224,0.333,0.232,0.258,0.256,0.11,85,13.6,31.8,3.5,43.5,24.7,24.7
deGrom,Jacob,594798,2023,3.04,0.182,0.17,0.306,0.24,0.217,0.194,0.136,85,11.8,33.9,10.7,39.3,26.8,23.2
Gomber,Austin,596295,2023,9.28,0.322,0.328,0.579,0.432,0.418,0.403,0.251,90.4,14.1,42.9,9.1,33.8,24.7,32.5
Bassitt,Chris,605135,2023,4.82,0.219,0.275,0.479,0.317,0.369,0.359,0.205,87.9,10.8,38.4,10.5,41.9,31.4,22.1
Clevinger,Mike,605182,2023,4.81,0.266,0.263,0.429,0.35,0.362,0.371,0.166,89.6,20.2,42.3,9,33.3,29.5,26.9
Nola,Aaron,605400,2023,5.4,0.271,0.266,0.408,0.33,0.321,0.323,0.142,88.6,18.1,42.5,6.9,34.5,24.1,33.3
Snell,Blake,605483,2023,5.48,0.278,0.283,0.515,0.397,0.396,0.399,0.232,90.5,16.3,46.2,12.3,33.8,27.7,33.8
Turnbull,Spencer,605513,2023,7.25,0.284,0.283,0.459,0.371,0.376,0.387,0.177,88.4,9,38.4,6.8,46.6,26,20.5
Martinez,Nick,607259,2023,3.58,0.204,0.258,0.439,0.276,0.341,0.335,0.181,84.4,5.3,26.2,10.7,57.1,23.8,15.5
Freeland,Kyle,607536,2023,4.28,0.248,0.245,0.427,0.326,0.313,0.293,0.182,90.5,15.4,34.1,5.7,36.4,31.8,26.1
Giolito,Lucas,608337,2023,4.5,0.248,0.231,0.437,0.329,0.319,0.296,0.206,88.6,21.3,34.6,12.3,33.3,35.8,19.8
Wacha,Michael,608379,2023,6.75,0.311,0.299,0.555,0.4,0.383,0.342,0.257,89.2,16.8,45.8,12,31.3,36.1,30.1
Quantrill,Cal,615698,2023,5.4,0.303,0.286,0.482,0.345,0.354,0.336,0.196,88.1,10.8,31.9,6.4,42.6,24.5,26.6
Berrios,Jose,621244,2023,4.71,0.239,0.263,0.439,0.271,0.322,0.302,0.176,87.1,4.9,34.2,7.6,50.6,21.5,22.8
Castillo,Luis,622491,2023,1.52,0.17,0.216,0.333,0.197,0.26,0.258,0.117,90.3,16.3,23.6,4.2,43.1,22.2,25
Flexen,Chris,623167,2023,8.86,0.341,0.321,0.493,0.41,0.388,0.394,0.172,89.7,9.6,35.1,6.5,44.2,19.5,28.6
Urias,Julio,628711,2023,3.33,0.269,0.217,0.345,0.338,0.268,0.262,0.128,87.9,13,33.3,4,42.7,26.7,25.3
Lopez,Pablo,641154,2023,3,0.213,0.194,0.311,0.274,0.263,0.273,0.117,85.1,7.6,41.4,5.7,45.7,27.1,25.7
CortesJr.,Nestor,641482,2023,3.49,0.236,0.194,0.334,0.302,0.263,0.253,0.14,87.7,30.2,29.1,6.3,21.5,36.7,21.5
Keller,Brad,641745,2023,3.96,0.209,0.2,0.321,0.306,0.316,0.355,0.121,90.4,3.9,28.4,4.5,59.7,16.4,17.9
Lauer,Eric,641778,2023,5.19,0.287,0.298,0.516,0.375,0.375,0.358,0.218,92.4,19.8,36.7,11.4,30.4,36.7,27.8
Peralta,Freddy,642547,2023,3.77,0.229,0.233,0.338,0.288,0.284,0.297,0.105,87,16.1,30.4,5.1,34.2,26.6,25.3
Alcantara,Sandy,645261,2023,5.04,0.23,0.274,0.441,0.281,0.34,0.331,0.167,90.2,9.2,32.2,5.6,44.4,27.8,26.7
Cease,Dylan,656302,2023,2.73,0.178,0.214,0.301,0.264,0.29,0.328,0.087,89.5,10.8,25,4.4,45.6,27.9,22.1
Flaherty,Jack,656427,2023,3.29,0.2,0.228,0.379,0.319,0.351,0.375,0.152,88.9,12.3,27.7,10.8,46.2,27.7,16.9
Houck,Tanner,656557,2023,4.5,0.258,0.239,0.385,0.311,0.309,0.308,0.146,91,10.4,27.3,7.8,53.2,20.8,19.5
Keller,Mitch,656605,2023,3.64,0.232,0.233,0.425,0.307,0.318,0.304,0.193,85.3,9.5,39.8,13.3,43.4,32.5,19.3
Kopech,Michael,656629,2023,7.01,0.28,0.299,0.642,0.412,0.45,0.409,0.343,93,17.6,37.8,23,36.5,31.1,23
Megill,Tylor,656731,2023,3.96,0.258,0.28,0.53,0.348,0.385,0.365,0.25,89.4,14.2,35.9,10.3,42.3,34.6,17.9
Montgomery,Jordan,656756,2023,3.81,0.261,0.26,0.406,0.3,0.311,0.303,0.146,88.9,10,35.2,9.9,46.2,22,26.4
Peterson,David,656849,2023,7.36,0.311,0.274,0.509,0.396,0.359,0.329,0.234,87.9,8.8,37.2,11.5,51.3,19.2,24.4
Rasmussen,Drew,656876,2023,3.33,0.23,0.237,0.334,0.277,0.283,0.3,0.097,85.8,8.8,35.7,4.3,48.6,17.1,27.1
Steele,Justin,657006,2023,1.19,0.163,0.208,0.315,0.235,0.271,0.284,0.107,85.1,9.7,34.7,4,56,18.7,18.7
Webb,Logan,657277,2023,4.4,0.265,0.23,0.416,0.33,0.292,0.262,0.186,89.4,2.8,29.6,9.9,60.5,18.5,17.3
Ryan,Joe,657746,2023,2.81,0.186,0.214,0.324,0.235,0.25,0.246,0.11,90.9,18.6,31.7,4.9,37.8,34.1,22
Ohtani,Shohei,660271,2023,0.64,0.092,0.141,0.183,0.196,0.238,0.288,0.042,86.2,19,28.6,0,40.8,26.5,20.4
Feltner,Ryan,663372,2023,4.68,0.242,0.235,0.367,0.313,0.315,0.334,0.132,87.3,14,34.8,5.8,44.9,23.2,24.6
McClanahan,Shane,663556,2023,1.86,0.176,0.179,0.307,0.251,0.259,0.266,0.128,88.3,8.6,29.2,9.2,47.7,29.2,20
Falter,Bailey,663559,2023,4.5,0.259,0.278,0.494,0.309,0.341,0.304,0.216,89.4,12.9,30.3,11.2,46.1,21.3,22.5
Woodford,Jake,663765,2023,5.47,0.323,0.303,0.565,0.411,0.398,0.361,0.261,93.2,2.3,28.6,14.3,54.8,20.2,22.6
Sandoval,Patrick,663776,2023,3.16,0.212,0.247,0.377,0.283,0.318,0.335,0.131,85.8,7.7,38,7.6,51.9,19,25.3
Singer,Brady,663903,2023,6.67,0.287,0.317,0.573,0.368,0.392,0.349,0.256,94.8,10.1,44.2,12.8,44.2,25.6,29.1
Valdez,Framber,664285,2023,2.25,0.24,0.254,0.415,0.292,0.319,0.312,0.161,92.7,-0.4,24.1,9.2,65.5,12.6,20.7
Javier,Cristian,664299,2023,3.21,0.226,0.249,0.49,0.297,0.336,0.296,0.242,89,19.4,33.3,12.8,34.6,33.3,19.2
Urquidy,Jose,664353,2023,5.64,0.326,0.275,0.413,0.391,0.337,0.341,0.137,85.3,12,43.8,9.6,38.4,24.7,26
Kremer,Dean,665152,2023,6.2,0.278,0.29,0.578,0.377,0.397,0.35,0.288,89.6,11.7,37.2,11.5,38.5,32.1,24.4
Cabrera,Edward,665795,2023,4.91,0.229,0.209,0.339,0.349,0.322,0.359,0.13,89.3,7.8,21.7,6.7,56.7,26.7,15
Lodolo,Nick,666157,2023,6.31,0.351,0.24,0.44,0.423,0.325,0.312,0.2,90.7,7,35.5,10.5,47.4,22.4,26.3
Luzardo,Jesus,666200,2023,3.62,0.271,0.219,0.375,0.339,0.291,0.285,0.156,87.9,15.9,42.7,9.3,41.3,28,20
Manoah,Alek,666201,2023,5.13,0.243,0.281,0.529,0.336,0.397,0.388,0.249,89.4,14.2,36.6,11,40.2,32.9,23.2
Muller,Kyle,666205,2023,7.23,0.347,0.331,0.539,0.394,0.405,0.407,0.208,91.4,9,36.4,9.1,51.1,23.9,22.7
Gallen,Zac,668678,2023,2.15,0.178,0.206,0.299,0.214,0.238,0.24,0.094,89.3,10.7,38.1,4.8,41.7,19,31
Greene,Hunter,668881,2023,3.52,0.261,0.239,0.408,0.326,0.315,0.309,0.169,91.4,20.5,37.1,9.7,29,32.3,29
Ashcraft,Graham,668933,2023,2.1,0.19,0.226,0.335,0.269,0.305,0.327,0.109,86.4,5.2,22.9,6,56.6,15.7,19.3
Gore,MacKenzie,669022,2023,3,0.2,0.205,0.292,0.281,0.286,0.321,0.087,87.7,8.5,30,3.3,53.3,21.7,20
May,Dustin,669160,2023,3.07,0.167,0.237,0.361,0.234,0.305,0.317,0.124,88.2,12.7,28.9,7.2,43.4,27.7,22.9
Nelson,Ryne,669194,2023,5.33,0.276,0.245,0.415,0.342,0.318,0.3,0.17,91.3,13.7,31.1,6.7,41.1,25.6,26.7
Burnes,Corbin,669203,2023,4.55,0.222,0.222,0.351,0.292,0.296,0.307,0.129,87.2,4,29.1,5.1,53.2,22.8,24.1
Gilbert,Logan,669302,2023,4.23,0.243,0.223,0.342,0.283,0.262,0.256,0.119,89.3,11.5,25.7,5.4,50,23,17.6
Wells,Tyler,669330,2023,2.79,0.176,0.221,0.405,0.224,0.278,0.243,0.184,89.3,20.3,30.4,6.3,32.9,38,20.3
Bieber,Shane,669456,2023,3.23,0.237,0.295,0.447,0.297,0.349,0.35,0.152,92.5,8.8,33.3,7.5,45.2,21.5,30.1
Oviedo,Johan,670912,2023,3.03,0.224,0.203,0.317,0.273,0.259,0.266,0.114,85.6,5.2,20.2,3.4,53.9,25.8,16.9
Contreras,Roansy,672710,2023,3.58,0.248,0.245,0.341,0.289,0.307,0.334,0.095,89.5,16.7,38,5.1,35.4,22.8,31.6
Senga,Kodai,673540,2023,4.15,0.232,0.241,0.4,0.339,0.34,0.358,0.158,88.3,7.9,29.9,7.5,52.2,22.4,17.9
Strider,Spencer,675911,2023,1.8,0.136,0.175,0.266,0.198,0.244,0.265,0.09,88.5,14.9,42.6,5.6,38.9,31.5,24.1
Garcia,Luis,677651,2023,4,0.235,0.235,0.393,0.321,0.31,0.309,0.158,86.7,22.3,33.3,6.9,27.8,25,31.9
Gray,Josiah,680686,2023,2.93,0.26,0.201,0.342,0.333,0.28,0.282,0.141,84.5,12.8,30,6.3,45,27.5,17.5
Waldichuk,Ken,686610,2023,7.82,0.317,0.285,0.55,0.434,0.389,0.362,0.265,88.7,12.6,35.6,9.2,39.1,31,21.8
Brown,Hunter,686613,2023,2.37,0.206,0.214,0.292,0.256,0.273,0.299,0.079,88.8,4.8,26.7,4,53.3,17.3,21.3
Elder,Bryce,693821,2023,2.17,0.241,0.268,0.453,0.311,0.344,0.336,0.185,92.8,7.4,31.7,7.3,54.9,17.1,22
Wainwright,Adam,425794,2022,3.71,0.261,0.27,0.419,0.306,0.328,0.326,0.148,87.8,11,37.4,6.5,43.7,25.2,26.5
Greinke,Zack,425844,2022,3.68,0.286,0.284,0.441,0.321,0.336,0.322,0.157,88.9,12.6,34.4,6.8,41.5,23.2,28.2
Verlander,Justin,434378,2022,1.75,0.186,0.207,0.331,0.222,0.255,0.248,0.124,87.8,16.9,32.5,6.3,38.6,28.5,21.1
Sanchez,Anibal,434671,2022,4.28,0.217,0.25,0.411,0.32,0.332,0.344,0.162,88.5,18.8,31.9,7.7,39.1,30.9,21.3
Jansen,Kenley,445276,2022,3.38,0.192,0.169,0.292,0.265,0.239,0.247,0.124,87.1,21.9,29.8,7.3,30.5,39.1,18.5
Chavez,Jesse,445926,2022,3.76,0.264,0.263,0.415,0.325,0.321,0.317,0.152,90.1,13.4,38.6,8.1,39.6,25.4,27.9
Detwiler,Ross,446321,2022,4.44,0.287,0.28,0.451,0.364,0.355,0.361,0.171,89.9,13.4,40.7,8.6,39.5,22.2,30.9
Kluber,Corey,446372,2022,4.34,0.274,0.261,0.416,0.316,0.31,0.293,0.155,87.1,18.5,35.8,6.9,36.8,27,25.4
Hill,Rich,448179,2022,4.27,0.258,0.24,0.411,0.325,0.313,0.3,0.171,88.2,14.9,31.6,8.2,40.7,27.1,22.6
Morton,Charlie,450203,2022,4.34,0.233,0.228,0.389,0.32,0.314,0.315,0.161,89.3,13.6,38,9.5,39.6,28.1,26.2
Kennedy,Ian,453178,2022,5.36,0.278,0.288,0.514,0.36,0.374,0.36,0.226,92.2,21.5,44.5,12.2,24.4,32.9,34.1
Bard,Daniel,453268,2022,1.79,0.162,0.178,0.264,0.232,0.247,0.272,0.087,87.7,7,22.3,4.7,51.4,20.3,18.2
Scherzer,Max,453286,2022,2.29,0.207,0.202,0.339,0.254,0.265,0.253,0.137,87.8,21.3,32.2,8.4,33.1,30.8,22.7
Melancon,Mark,453343,2022,4.66,0.281,0.282,0.424,0.325,0.336,0.346,0.142,89.7,10.9,36.3,6.8,44.2,22.1,27.4
Martin,Chris,455119,2022,3.05,0.23,0.212,0.347,0.266,0.251,0.232,0.135,88.2,12.5,34.5,8.3,49.7,22.1,20
Price,David,456034,2022,2.45,0.242,0.251,0.414,0.301,0.304,0.292,0.163,89.5,6.9,27.3,7.4,56.2,24,17.4
Cueto,Johnny,456501,2022,3.35,0.267,0.263,0.408,0.31,0.311,0.305,0.145,87.7,13.3,33.7,7.3,42.9,27.6,22.5
Bush,Matt,456713,2022,3.47,0.196,0.186,0.317,0.274,0.254,0.256,0.132,90.3,15.2,30.9,5.4,42.3,34.2,16.8
Lynn,Lance,458681,2022,3.99,0.247,0.243,0.387,0.304,0.296,0.286,0.144,88.4,14.2,34.3,6.7,42.6,26.7,24
McGee,Jake,459429,2022,6.81,0.275,0.257,0.492,0.346,0.347,0.314,0.235,90.2,22.6,33.3,11.9,28.6,38.1,22.2
Chacin,Jhoulys,468504,2022,7.61,0.282,0.255,0.431,0.367,0.335,0.333,0.176,89.7,12,37.7,8.2,39,28.9,29.6
Carrasco,Carlos,471911,2022,3.97,0.272,0.253,0.405,0.327,0.313,0.31,0.152,88.4,9.7,35.2,7,47,23,25.1
Garcia,Luis,472610,2022,3.39,0.243,0.218,0.298,0.277,0.263,0.282,0.08,89,6.6,27.8,4.1,54.4,16.6,20.1
Phelps,David,475479,2022,2.83,0.22,0.231,0.346,0.286,0.307,0.331,0.115,88.4,16.1,36.4,5.2,37.6,28.9,27.2
Luetge,Lucas,476595,2022,2.67,0.276,0.245,0.349,0.317,0.294,0.309,0.104,85.2,17.6,40.6,5.3,35.9,21.8,30.6
Kershaw,Clayton,477132,2022,2.28,0.206,0.212,0.307,0.245,0.248,0.251,0.095,87.1,11.6,30.5,4.2,47.7,21.8,22.4
Miley,Wade,489119,2022,3.16,0.218,0.24,0.366,0.281,0.306,0.315,0.127,86.7,10.3,26.1,5.2,52.2,20,20
Stammen,Craig,489334,2022,4.43,0.28,0.258,0.412,0.343,0.313,0.305,0.154,88.7,6.9,27.1,7,51.2,27.1,20.2
Ottavino,Adam,493603,2022,2.06,0.204,0.19,0.279,0.26,0.24,0.257,0.088,84.8,7.7,29.7,3.2,51.3,20.3,20.9
Quintana,Jose,500779,2022,2.93,0.246,0.257,0.377,0.286,0.305,0.312,0.12,86.5,9.9,34.4,5.5,47,20.8,26.7
Pineda,Michael,501381,2022,5.79,0.304,0.299,0.538,0.385,0.368,0.325,0.24,91.8,16,34.9,10.2,39.2,28.3,25.3
Smith,Joe,501925,2022,4.61,0.297,0.273,0.486,0.38,0.351,0.331,0.212,89.3,4,29.5,10.5,56.8,20,18.9
Minor,Mike,501985,2022,6.06,0.296,0.256,0.426,0.385,0.33,0.331,0.17,88.2,19.1,36.4,8.4,34.6,29.2,25
Archer,Chris,502042,2022,4.56,0.228,0.26,0.41,0.312,0.337,0.347,0.15,89.5,11,34.2,8.6,43.9,26.9,24.9
Gibson,Kyle,502043,2022,5.05,0.268,0.262,0.421,0.331,0.326,0.32,0.159,88.6,10.6,34.8,7.5,46.8,23.2,25.3
Robertson,David,502085,2022,2.4,0.173,0.176,0.302,0.27,0.273,0.295,0.126,88.6,12.8,31.7,7.6,46.2,26.9,19.3
Cobb,Alex,502171,2022,3.73,0.262,0.235,0.329,0.296,0.277,0.291,0.094,89.2,1.8,26.3,3.7,61.9,14.5,21.2
Espino,Paolo,502179,2022,4.84,0.287,0.271,0.469,0.35,0.336,0.309,0.198,89.3,14.4,36.3,7.9,40.4,32,22.8
Boxberger,Brad,502202,2022,2.95,0.223,0.211,0.35,0.288,0.289,0.298,0.138,86.4,19.1,32.2,6.4,36.8,32.2,21.6
Anderson,Chase,502624,2022,6.38,0.205,0.193,0.291,0.316,0.302,0.341,0.098,84.2,9.3,29,6.5,54.8,21,17.7
Peralta,Wily,503449,2022,2.58,0.241,0.234,0.339,0.309,0.315,0.349,0.106,88.8,11.1,36,4.5,45.9,21.6,26.1
Darvish,Yu,506433,2022,3.1,0.207,0.227,0.388,0.259,0.291,0.275,0.161,88.5,17,31.2,8.8,38.5,31,21.9
Colome,Alex,517008,2022,5.74,0.3,0.29,0.484,0.366,0.365,0.363,0.193,90.2,1.4,38.1,10,55.6,20,23.8
Brasier,Ryan,518489,2022,5.78,0.28,0.249,0.434,0.336,0.309,0.286,0.185,90.7,11.5,38.9,8.6,41.1,24.9,25.9
Bumgarner,Madison,518516,2022,4.88,0.281,0.276,0.488,0.357,0.358,0.337,0.211,90.3,16.8,37.7,9.8,37.7,30.3,26.3
Cishek,Steve,518553,2022,4.21,0.223,0.233,0.393,0.316,0.329,0.34,0.161,87.3,15,42.2,8.7,42.8,26,24.9
Diekman,Jake,518617,2022,4.99,0.241,0.209,0.349,0.353,0.319,0.354,0.139,89.8,15.9,38.6,7.1,40.7,20.7,28.6
Kelly,Merrill,518876,2022,3.37,0.226,0.23,0.383,0.289,0.296,0.291,0.153,88.5,14,31.2,8.3,43.8,28.4,21.6
Kimbrel,Craig,518886,2022,3.75,0.227,0.205,0.349,0.301,0.292,0.305,0.144,90.7,16,29.7,9,41.3,31,18.7
McFarland,T.J.,519008,2022,6.61,0.323,0.312,0.486,0.38,0.374,0.374,0.173,92.5,4.1,34.5,7.8,54.3,19,25
Moore,Matt,519043,2022,1.95,0.187,0.187,0.288,0.257,0.263,0.29,0.101,87.7,15.2,24.7,4.4,44.5,23.6,21.4
Pressly,Ryan,519151,2022,2.98,0.181,0.202,0.315,0.229,0.253,0.254,0.114,89,9.1,30.8,5.8,46.2,25,24
Smith,Will,519293,2022,3.97,0.251,0.224,0.356,0.328,0.294,0.306,0.132,88.9,17.5,36.7,5.9,36.1,32,24.3
Strickland,Hunter,519326,2022,4.91,0.253,0.254,0.447,0.346,0.354,0.358,0.193,89.8,17.6,38,9.8,34.2,29.3,25.5
Hendriks,Liam,521230,2022,2.81,0.21,0.182,0.315,0.27,0.252,0.249,0.133,90.5,17.8,33.3,9.1,36.4,28.8,24.2
Kelly,Joe,523260,2022,6.08,0.252,0.19,0.272,0.327,0.277,0.314,0.082,85.9,-0.7,20.9,3.3,67,17.6,12.1
Perez,Martin,527048,2022,2.89,0.241,0.242,0.346,0.289,0.295,0.311,0.105,88.2,8.1,30.9,4.3,51.9,21.4,22.6
Castellanos,Humberto,528748,2022,5.68,0.289,0.281,0.47,0.353,0.353,0.339,0.189,89.6,16.5,39.3,6.9,34.5,29.7,28.3
Ramirez,Erasmo,541640,2022,2.92,0.245,0.247,0.366,0.294,0.291,0.291,0.119,88.7,11.9,31.6,4.9,46.2,23.7,23.7
Cisnero,Jose,542585,2022,1.08,0.176,0.216,0.281,0.269,0.307,0.365,0.065,85.7,12.2,45.2,0,37.1,27.4,32.3
Anderson,Tyler,542881,2022,2.57,0.221,0.225,0.349,0.271,0.275,0.272,0.124,85,16.9,34.2,4.9,40.9,27.4,21.7
Armstrong,Shawn,542888,2022,4.38,0.273,0.227,0.356,0.326,0.282,0.288,0.129,87.4,10.6,31.3,7.7,48.9,25.8,20.9
Bass,Anthony,542914,2022,1.54,0.201,0.219,0.336,0.252,0.272,0.276,0.117,87.6,14.3,29.7,6,40.7,26.4,24.7
Bleier,Richard,542947,2022,3.55,0.301,0.273,0.394,0.339,0.302,0.308,0.121,89.6,4.3,32.4,4.5,54.2,17.9,24.6
Cole,Gerrit,543037,2022,3.5,0.209,0.214,0.383,0.283,0.284,0.266,0.169,89.4,12.6,32.5,9.5,42,28.6,22.2
Eovaldi,Nathan,543135,2022,3.87,0.264,0.258,0.449,0.325,0.321,0.292,0.191,89.7,10.7,34.2,10.7,47.9,23.5,21.7
Gray,Sonny,543243,2022,3.08,0.224,0.24,0.366,0.283,0.298,0.305,0.126,88.1,12.1,33.1,5.5,44.4,22.2,25.5
Hand,Brad,543272,2022,2.8,0.223,0.232,0.367,0.297,0.324,0.349,0.135,87.2,14.3,32.8,5.3,42,24.4,26
Hendricks,Kyle,543294,2022,4.8,0.26,0.27,0.466,0.341,0.345,0.326,0.196,87.5,16.5,40.5,9.9,37,27.9,27.9
Lyles,Jordan,543475,2022,4.42,0.276,0.267,0.452,0.341,0.341,0.325,0.184,88.6,15.3,35.1,10.4,40.4,28.2,23.2
May,Trevor,543507,2022,5.04,0.265,0.226,0.386,0.331,0.297,0.288,0.161,89.4,19.5,41.7,9.7,29.2,30.6,29.2
McHugh,Collin,543521,2022,2.6,0.203,0.223,0.341,0.247,0.273,0.276,0.117,86.6,15.3,33.1,5.1,40.4,24.2,25.3
Odorizzi,Jake,543606,2022,4.4,0.258,0.255,0.398,0.315,0.314,0.316,0.143,87.8,19.8,36.8,7.3,32.2,30.4,26.7
Shaw,Bryan,543766,2022,5.4,0.252,0.258,0.419,0.332,0.335,0.342,0.162,90.8,8.3,34.1,6.7,49.2,22.3,21.8
Banuelos,Manny,544365,2022,4.39,0.215,0.23,0.325,0.289,0.299,0.335,0.095,85.6,7.2,29.4,3.7,54.1,18.3,19.3
Familia,Jeurys,544727,2022,6.09,0.322,0.267,0.418,0.393,0.339,0.353,0.151,90.8,7.5,32.4,10.1,48.9,21.6,25.2
Head,Louis,545343,2022,6.28,0.274,0.244,0.39,0.376,0.332,0.354,0.146,91,18.2,37.4,5.5,29.7,33,27.5
Poteet,Cody,547001,2022,3.86,0.223,0.266,0.427,0.313,0.335,0.338,0.161,91.3,6.9,32.9,6.1,52.4,28,19.5
Lorenzen,Michael,547179,2022,4.24,0.224,0.233,0.362,0.303,0.307,0.322,0.129,88.1,9.7,29.9,6.8,51.1,22.3,20.9
Ryu,HyunJin,547943,2022,5.67,0.294,0.289,0.502,0.367,0.35,0.315,0.212,91.1,11.2,37.6,9.7,46.2,26.9,22.6
Chapman,Aroldis,547973,2022,4.46,0.188,0.213,0.36,0.301,0.326,0.355,0.147,87.5,16.6,35.6,6.9,35.6,28.7,24.1
Raley,Brooks,548384,2022,2.68,0.189,0.207,0.288,0.247,0.261,0.283,0.081,86.7,12.3,34.3,2.2,38.7,24.1,29.9
Stripling,Ross,548389,2022,3.01,0.229,0.251,0.395,0.268,0.294,0.281,0.144,88.9,12.2,34.7,9.2,44.4,24.1,23.6
Garcia,Yimi,554340,2022,3.1,0.215,0.208,0.338,0.269,0.266,0.27,0.13,86.5,18.9,26.6,6.5,40.2,31.4,16
Wheeler,Zack,554430,2022,2.82,0.221,0.226,0.343,0.275,0.275,0.278,0.117,85.9,11.4,34,7.7,46.4,23.8,24.3
Matzek,Tyler,554431,2022,3.5,0.173,0.216,0.363,0.27,0.319,0.346,0.148,88.9,20.5,31.6,7.7,35,35,21.4
Rodriguez,Joely,570257,2022,4.47,0.226,0.228,0.327,0.288,0.296,0.326,0.099,85.3,5,37.1,3.8,54.5,17.4,24.2
Urena,Jose,570632,2022,5.01,0.285,0.271,0.428,0.34,0.341,0.345,0.157,88.2,7.3,33.2,6.8,50.5,20.6,24.3
Robles,Hansel,570663,2022,5.84,0.26,0.275,0.519,0.357,0.383,0.369,0.244,92.7,13.1,36.8,11.8,39.5,27.6,27.6
Cessa,Luis,570666,2022,4.57,0.25,0.253,0.429,0.327,0.325,0.317,0.176,89.7,8.4,27.9,9.3,49.8,21.9,22.7
Bellatti,Andrew,571479,2022,3.31,0.234,0.207,0.359,0.309,0.297,0.301,0.152,88.3,20.2,42.9,12.7,28.6,34.9,27.8
Corbin,Patrick,571578,2022,6.31,0.321,0.304,0.52,0.383,0.381,0.359,0.216,90.8,11.5,40.1,11,45.4,24,25.9
Farmer,Buck,571656,2022,3.83,0.211,0.212,0.324,0.28,0.292,0.317,0.112,88.2,14.4,29.4,5,43.7,20.2,24.4
Floro,Dylan,571670,2022,3.02,0.235,0.232,0.344,0.271,0.273,0.284,0.112,87.4,8.6,35,5.1,44.6,23.6,27.4
Givens,Mychal,571710,2022,3.38,0.247,0.226,0.372,0.316,0.299,0.314,0.146,87.6,11.9,35.2,8.2,43.4,23.3,24.5
Heaney,Andrew,571760,2022,3.1,0.214,0.203,0.373,0.311,0.287,0.276,0.17,91.2,17.8,34.3,11,37.2,31.4,23.8
Hutchison,Drew,571800,2022,4.53,0.273,0.276,0.46,0.338,0.354,0.347,0.184,90.3,14.3,35.5,8.8,40.3,26.7,25.3
Loup,Aaron,571901,2022,3.84,0.235,0.257,0.385,0.298,0.322,0.343,0.128,88,6.5,35.4,5.6,50.6,21.3,24.2
Matz,Steven,571927,2022,5.25,0.256,0.253,0.376,0.318,0.297,0.297,0.123,88.4,13.9,39.7,9.2,38.3,24.1,29.8
Mikolas,Miles,571945,2022,3.29,0.226,0.252,0.4,0.279,0.306,0.294,0.148,87.8,11,35.1,6.9,45.9,25.2,23.8
Milner,Hoby,571948,2022,3.76,0.25,0.235,0.343,0.302,0.287,0.296,0.108,85.1,6.1,34.9,3.2,51.1,23.1,22.6
Richards,Garrett,572070,2022,5.27,0.262,0.258,0.416,0.318,0.324,0.322,0.158,89.3,8.7,31.6,7.5,51.9,22.6,22.6
Tepera,Ryan,572193,2022,3.61,0.202,0.217,0.349,0.27,0.281,0.292,0.132,87.4,16.1,30.1,5.5,41.7,30.7,22.7
VerHagen,Drew,572403,2022,6.65,0.3,0.285,0.488,0.39,0.378,0.385,0.204,88.3,18.1,39.7,9.6,35.6,26,26
Keuchel,Dallas,572971,2022,9.2,0.349,0.289,0.461,0.419,0.357,0.36,0.172,88.8,5.5,39.6,8.8,50.7,20.3,26.9
Mantiply,Joe,573009,2022,2.85,0.255,0.243,0.369,0.28,0.28,0.27,0.125,86.5,5.4,28.9,4,55.5,15.6,23.7
Rogers,Taylor,573124,2022,4.76,0.238,0.234,0.392,0.315,0.314,0.319,0.158,88.6,12.7,35.6,8.8,43.1,27.5,23.8
Stroman,Marcus,573186,2022,3.5,0.234,0.254,0.389,0.291,0.308,0.306,0.136,89,7,32,6.6,52,18.8,22.9
Thielbar,Caleb,573204,2022,3.49,0.226,0.193,0.308,0.271,0.249,0.251,0.115,84.9,21.5,37.4,6.8,30.6,34,25.2
Kikuchi,Yusei,579328,2022,5.19,0.243,0.247,0.463,0.367,0.361,0.359,0.216,91.6,10,38,14.8,44.5,24,25.9
Adam,Jason,592094,2022,1.56,0.147,0.162,0.257,0.213,0.226,0.243,0.095,85.2,14.4,29,5.1,44.2,24.6,18.1
Gausman,Kevin,592332,2022,3.35,0.272,0.242,0.38,0.304,0.285,0.272,0.138,89,12.2,38.1,8.1,40.1,26.3,28.1
Gray,Jon,592351,2022,3.96,0.222,0.23,0.367,0.292,0.295,0.296,0.137,88,11.1,34.8,6.1,44.2,24.9,24
Hembree,Heath,592390,2022,7.36,0.299,0.297,0.555,0.414,0.407,0.406,0.258,90.7,24.2,42.5,15.1,26,31.5,28.8
Ray,Robbie,592662,2022,3.71,0.231,0.223,0.373,0.315,0.295,0.292,0.15,89.7,14.7,34,7.9,38.9,28.9,24.1
Sampson,Adrian,592716,2022,3.11,0.253,0.266,0.422,0.302,0.324,0.316,0.156,87.9,13.6,36.2,6.7,41.4,29.8,22.7
Sanchez,Aaron,592717,2022,6.6,0.324,0.278,0.418,0.372,0.328,0.332,0.14,92.4,8,28.4,5.9,54.9,21.6,21.1
Shreve,Chasen,592741,2022,6.49,0.262,0.263,0.451,0.336,0.34,0.329,0.188,89.5,14.9,37.3,12,40,26.7,24
Smith,Caleb,592761,2022,4.11,0.218,0.211,0.366,0.329,0.305,0.316,0.156,86,24.1,29.9,6.6,31.5,39.6,17.3
Smyly,Drew,592767,2022,3.47,0.243,0.249,0.416,0.312,0.316,0.302,0.167,86.7,16.3,34.5,8.6,40.6,25.2,23.7
Stanek,Ryne,592773,2022,1.15,0.188,0.195,0.308,0.258,0.279,0.305,0.113,88.9,15,28.2,3.8,38.9,29,21.4
Syndergaard,Noah,592789,2022,3.94,0.263,0.265,0.42,0.312,0.325,0.312,0.156,87.1,12.3,37.7,7.8,43.2,26.4,23.4
Taillon,Jameson,592791,2022,3.91,0.246,0.26,0.432,0.308,0.317,0.297,0.172,88.5,14.5,34.5,8.3,41.4,26.7,23.6
Velasquez,Vince,592826,2022,4.78,0.235,0.243,0.457,0.314,0.332,0.308,0.213,91.6,19.7,35,13,36.3,35,20.2
Walker,Taijuan,592836,2022,3.49,0.24,0.245,0.395,0.293,0.308,0.305,0.15,89.3,11.3,33.7,7.3,46.1,23.2,23.6
Wick,Rowan,592858,2022,4.22,0.305,0.279,0.461,0.365,0.353,0.351,0.182,88.5,11.6,36.9,10.3,44.6,22.6,26.7
Williams,Trevor,592866,2022,3.21,0.253,0.232,0.393,0.314,0.298,0.288,0.161,87.8,18.3,33.3,7.7,36.8,28,26.4
German,Domingo,593334,2022,3.61,0.236,0.237,0.389,0.312,0.302,0.296,0.152,89.4,16.7,32.3,6.9,40.6,24.4,24
Montas,Frankie,593423,2022,4.05,0.249,0.242,0.396,0.309,0.31,0.305,0.155,87.6,11.2,31.8,8,45.8,21.4,23.9
Neris,Hector,593576,2022,3.72,0.205,0.216,0.348,0.262,0.283,0.285,0.132,89.7,16.6,36,6.8,34.8,31.7,25.5
Rodriguez,Eduardo,593958,2022,4.05,0.247,0.249,0.4,0.317,0.317,0.318,0.151,87.5,12.6,30.7,7.1,44.2,29.3,19.8
Peralta,Wandy,593974,2022,2.72,0.208,0.21,0.29,0.241,0.255,0.275,0.08,85.5,7.6,23.4,4.4,55.7,20.9,15.8
Gustave,Jandel,594311,2022,3.86,0.236,0.228,0.38,0.302,0.31,0.314,0.152,90.8,10.7,28.7,6.3,47.5,22.5,21.3
Mayers,Mike,594577,2022,5.68,0.259,0.263,0.487,0.36,0.352,0.329,0.224,91.2,16.9,34.2,12.7,38.6,32.3,21.5
Moll,Sam,594580,2022,2.91,0.205,0.204,0.306,0.279,0.269,0.309,0.102,87.6,9.5,26.7,5.2,50,17.2,22.4
deGrom,Jacob,594798,2022,3.08,0.175,0.182,0.333,0.228,0.234,0.209,0.151,89.3,15.2,33.3,9.3,40.3,29.5,22.5
Gonzales,Marco,594835,2022,4.13,0.271,0.267,0.435,0.337,0.33,0.32,0.169,86.7,14.5,32.3,7.2,42.9,27.4,22.6
Okert,Steven,595345,2022,2.98,0.186,0.192,0.294,0.291,0.28,0.314,0.102,86.8,19.9,31.2,5.6,38.4,28.8,21.6
Beede,Tyler,595881,2022,5.14,0.284,0.269,0.411,0.353,0.338,0.356,0.141,88.7,9.1,30.7,5.2,50,19.8,24.1
Junis,Jakob,596001,2022,4.42,0.269,0.262,0.415,0.328,0.316,0.307,0.153,88.9,12.1,35.3,7.4,43.6,25.1,26.8
Norris,Daniel,596057,2022,5.22,0.21,0.228,0.394,0.331,0.327,0.337,0.166,89.1,12,32.4,10.8,46.6,23.6,23
Peters,Dillon,596071,2022,4.58,0.241,0.253,0.417,0.312,0.327,0.33,0.163,88.8,13.8,34.4,6.6,42.6,23.8,28.7
Stephenson,Robert,596112,2022,5.43,0.275,0.267,0.474,0.349,0.336,0.31,0.208,90.6,21,36.7,9,27.1,34.5,28.2
Weaver,Luke,596133,2022,6.56,0.335,0.292,0.45,0.367,0.356,0.358,0.158,91.5,11.2,40,10.8,40.8,18.3,36.7
Gomber,Austin,596295,2022,5.56,0.281,0.267,0.44,0.347,0.33,0.316,0.173,88.1,12.4,35.7,8.5,43,28.6,23.9
Barnes,Matt,598264,2022,4.31,0.24,0.229,0.382,0.305,0.32,0.335,0.153,91.1,11.1,28.8,8.5,44.9,30.5,19.5
Ramirez,Noe,598287,2022,5.22,0.245,0.218,0.394,0.346,0.316,0.324,0.176,87.8,14.8,34.1,8.9,40,30.4,23
Leclerc,Jose,600917,2022,2.83,0.192,0.188,0.323,0.28,0.278,0.287,0.135,86.6,24.2,27.5,6.7,29.2,35.8,17.5
Machado,Andres,600921,2022,3.34,0.241,0.272,0.448,0.317,0.352,0.353,0.176,89.5,9.9,38,8.6,43.3,26.2,27.8
Pivetta,Nick,601713,2022,4.56,0.253,0.248,0.433,0.33,0.332,0.324,0.185,90.7,15.2,36.3,9,38.5,27.3,25.4
Barlow,Scott,605130,2022,2.18,0.198,0.201,0.337,0.261,0.269,0.27,0.136,86.4,11.6,29.3,6.9,47.3,27.1,18.6
Bassitt,Chris,605135,2022,3.42,0.234,0.228,0.359,0.291,0.29,0.291,0.132,85.7,10.8,31.1,6.6,49.7,23.9,18.8
Brebbia,John,605154,2022,3.18,0.268,0.237,0.384,0.317,0.291,0.286,0.148,87.8,17.1,32.6,6.5,37.2,30.7,23.3
Bundy,Dylan,605164,2022,4.89,0.271,0.263,0.44,0.329,0.322,0.3,0.177,88.9,18.6,35.3,8.9,34.5,32.6,24
Chafin,Andrew,605177,2022,2.83,0.222,0.203,0.32,0.276,0.267,0.274,0.117,87.5,11,28.6,8.4,52.6,22.1,17.5
Clevinger,Mike,605182,2022,4.33,0.233,0.247,0.435,0.314,0.332,0.318,0.188,88.2,18.8,36.7,9.5,36.1,35,21.5
Cotton,Jharel,605194,2022,3.56,0.218,0.219,0.376,0.313,0.304,0.311,0.157,88.6,23.9,34.2,7.5,30,36.7,22.5
Davies,Zach,605200,2022,4.09,0.241,0.25,0.43,0.315,0.329,0.321,0.18,87.4,13,31.6,8,43.7,29.2,20.5
EdwardsJr.,Carl,605218,2022,2.76,0.224,0.213,0.34,0.291,0.284,0.292,0.128,87.7,12.2,32.8,4.6,48.3,24.7,20.1
Fulmer,Michael,605242,2022,3.39,0.247,0.235,0.356,0.302,0.302,0.327,0.121,88.3,16.8,37.4,4.4,35.2,27.5,28.6
Holmes,Clay,605280,2022,2.54,0.196,0.187,0.247,0.251,0.244,0.279,0.06,89.1,-7.9,17.6,1.8,77,6.1,15.2
Houser,Adrian,605288,2022,4.73,0.258,0.272,0.422,0.317,0.341,0.349,0.15,88.7,10.3,32.6,5.6,47.5,19.3,26.1
Lopez,Jorge,605347,2022,2.54,0.206,0.211,0.323,0.27,0.284,0.313,0.112,87.3,1.7,29.8,4.8,58.5,17.6,20.7
Musgrove,Joe,605397,2022,2.93,0.227,0.225,0.351,0.292,0.282,0.284,0.126,86.4,11.7,34.7,6,45.9,22.8,22.8
Nola,Aaron,605400,2022,3.25,0.219,0.211,0.34,0.264,0.259,0.248,0.129,87.7,12.5,34.3,7.1,44.2,24.3,24.2
Romano,Jordan,605447,2022,2.11,0.19,0.223,0.348,0.238,0.284,0.299,0.125,90.3,12.5,28.9,6.9,44.7,28.9,20.1
Snell,Blake,605483,2022,3.38,0.216,0.207,0.337,0.282,0.279,0.286,0.13,90.1,17.1,39.2,7.4,37.3,30.5,25.4
Springs,Jeffrey,605488,2022,2.46,0.222,0.231,0.364,0.272,0.282,0.276,0.134,87.5,14.9,34,5.9,41.2,26.1,23.7
Thompson,Zach,605507,2022,5.18,0.28,0.281,0.444,0.346,0.347,0.346,0.163,88.3,11.3,34.2,6.4,45.8,21.8,24
Warren,Art,605521,2022,6.5,0.264,0.229,0.416,0.356,0.337,0.345,0.188,90.3,17.3,31.7,11.9,36.6,32.7,21.8
Wendelken,J.B.,605525,2022,5.28,0.234,0.299,0.478,0.314,0.38,0.386,0.179,87.9,13.4,32.6,7,44.2,27.9,25.6
Wisler,Matt,605538,2022,2.25,0.189,0.199,0.385,0.268,0.281,0.263,0.186,87.5,27.3,31.5,11.8,26.8,40.2,16.5
Woodruff,Brandon,605540,2022,3.05,0.215,0.212,0.349,0.282,0.277,0.273,0.137,88.8,16.8,34.1,7.1,38.3,30.2,22.8
Gallegos,Giovanny,606149,2022,3.05,0.197,0.194,0.354,0.259,0.267,0.255,0.16,89.8,24,33.3,9,28.5,37.5,23.6
Montero,Rafael,606160,2022,2.37,0.193,0.204,0.291,0.241,0.257,0.279,0.087,86.3,7.9,29.7,2.9,52.9,18,23.3
Payamps,Joel,606303,2022,3.23,0.273,0.243,0.394,0.325,0.305,0.302,0.151,89,6.5,29.7,7.7,54.4,17.6,18.7
Garcia,Jarlin,606424,2022,3.74,0.242,0.247,0.435,0.308,0.32,0.302,0.188,88.8,16.7,31.3,10.8,40,31.3,19.5
Moronta,Reyes,606625,2022,4.3,0.214,0.192,0.329,0.301,0.282,0.295,0.137,86.4,23.4,33,6.8,34,31.1,22.3
Rodon,Carlos,607074,2022,2.88,0.202,0.198,0.309,0.255,0.254,0.26,0.111,89,19.4,33.6,6.5,35.3,29.5,25.4
Weems,Jordan,607179,2022,5.22,0.23,0.225,0.381,0.31,0.287,0.28,0.156,90.6,20.6,34.5,7.1,35.4,36.3,19.5
Fedde,Erick,607200,2022,5.81,0.293,0.284,0.451,0.362,0.356,0.356,0.167,89.5,13.4,34.9,8.1,42.8,24,25.9
Krehbiel,Joey,607216,2022,3.9,0.242,0.245,0.411,0.317,0.313,0.307,0.166,86.8,13.4,32.6,7.3,42.1,27.5,24.2
Garrett,Amir,607237,2022,4.96,0.177,0.194,0.277,0.276,0.296,0.346,0.083,88.3,17.8,30.9,6.4,40,25.5,25.5
Martinez,Nick,607259,2022,3.47,0.239,0.233,0.372,0.315,0.304,0.311,0.139,86.5,11.5,30.2,8.1,48.1,24.7,21.4
Banda,Anthony,607455,2022,6.75,0.361,0.277,0.43,0.415,0.343,0.356,0.154,84.9,15.1,44.4,6.7,33.3,24.4,32.2
Bummer,Aaron,607481,2022,2.36,0.288,0.257,0.356,0.328,0.308,0.332,0.099,90.2,-3.5,30.7,6.7,64,9.3,26.7
Freeland,Kyle,607536,2022,4.53,0.281,0.271,0.455,0.346,0.346,0.337,0.184,89.8,12.7,35.2,9.7,43.1,26.9,24.9
Lugo,Seth,607625,2022,3.6,0.233,0.232,0.369,0.292,0.29,0.29,0.138,88.5,10.9,30.2,8.2,46.2,27.5,20.3
Estevez,Carlos,608032,2022,3.47,0.211,0.239,0.402,0.29,0.316,0.317,0.163,89.6,17.6,38.2,7.6,36.3,28.7,27.4
DeJong,Chase,608328,2022,2.64,0.204,0.214,0.384,0.3,0.306,0.307,0.171,88.4,20.3,29.8,8.6,33.3,34.3,19.7
Fried,Max,608331,2022,2.48,0.225,0.227,0.328,0.255,0.264,0.266,0.101,86.2,7.6,29.4,4,51.2,21.6,22.4
Giolito,Lucas,608337,2022,4.9,0.272,0.249,0.397,0.344,0.318,0.319,0.149,88.8,12.6,37.9,7.5,39,28.7,27
Irvin,Cole,608344,2022,3.98,0.251,0.258,0.451,0.306,0.324,0.301,0.192,89.4,15.5,36.1,9.6,37.5,30,25.6
Knebel,Corey,608349,2022,3.43,0.202,0.217,0.346,0.293,0.303,0.334,0.129,88.7,15,30.9,5.7,39,27.6,25.2
Wacha,Michael,608379,2022,3.32,0.233,0.254,0.446,0.301,0.329,0.306,0.192,88.2,12.8,35.4,9.6,41.2,22.3,26.1
Marquez,German,608566,2022,4.95,0.263,0.256,0.424,0.341,0.327,0.321,0.167,90.5,9.1,35.8,7.1,48.6,24.7,23
Duffey,Tyler,608648,2022,4.91,0.268,0.295,0.471,0.345,0.358,0.355,0.176,90.2,9.6,40,8.5,45.4,20.8,30
Graveman,Kendall,608665,2022,3.18,0.257,0.239,0.337,0.306,0.292,0.316,0.098,88.1,6,28.9,4.2,54.2,18.4,23.2
Leone,Dominic,608678,2022,4.01,0.281,0.238,0.372,0.35,0.3,0.32,0.134,89.9,16.2,34.9,6.2,40.4,26.7,26
Stratton,Chris,608717,2022,4.26,0.291,0.256,0.39,0.332,0.315,0.327,0.134,89.7,12.8,33.3,5.7,44.3,24.5,25.5
Suter,Brent,608718,2022,3.78,0.236,0.242,0.358,0.313,0.3,0.313,0.116,85.7,12.9,26.3,5.7,45.4,25.8,21.1
Voth,Austin,608723,2022,4.34,0.275,0.256,0.421,0.331,0.324,0.314,0.165,88.4,16.6,37.2,8.5,34.4,28.7,27.4
Castro,Miguel,612434,2022,4.03,0.243,0.252,0.389,0.333,0.339,0.362,0.136,88.3,10.9,35,11.3,47.5,21.3,25
Ruiz,Jose,614179,2022,4.6,0.231,0.229,0.403,0.323,0.321,0.323,0.174,89.1,12.8,32.3,8.5,42.7,28,22
Quantrill,Cal,615698,2022,3.38,0.254,0.258,0.417,0.305,0.321,0.313,0.159,87.6,13.8,33.3,7.5,42.4,25.5,23.6
Sawamura,Hirokazu,617228,2022,3.73,0.238,0.252,0.392,0.294,0.321,0.34,0.139,88.9,8.8,32.5,7.1,50.6,18.2,24
Cuas,Jose,621016,2022,3.58,0.264,0.241,0.333,0.34,0.322,0.37,0.092,85.8,5.2,31,3.4,50,16.4,27.6
Wilson,Steven,621051,2022,3.06,0.191,0.182,0.306,0.277,0.263,0.272,0.124,87.6,26,33.3,7.2,23.9,34.8,25.4
Rucker,Michael,621074,2022,3.95,0.242,0.23,0.376,0.308,0.297,0.298,0.146,89.8,13.4,27,8.2,44.7,28.9,17.6
Kaprielian,James,621076,2022,4.23,0.239,0.254,0.416,0.322,0.331,0.336,0.162,88.4,16.9,34.2,8,38.3,30.8,23.4
Eflin,Zach,621107,2022,4.04,0.241,0.227,0.364,0.295,0.282,0.276,0.137,85.3,10.5,31.6,6.1,45.6,28.1,21.5
Buehler,Walker,621111,2022,4.02,0.263,0.258,0.418,0.318,0.32,0.31,0.161,87.9,7.2,34,6.6,48.2,20.3,24.9
Blackburn,Paul,621112,2022,4.28,0.255,0.259,0.401,0.326,0.315,0.315,0.142,88.2,9,30,7,47.5,23.6,23
McCullersJr.,Lance,621121,2022,2.27,0.215,0.224,0.342,0.287,0.294,0.31,0.118,87.7,8,26.8,4.9,50.4,24.4,19.5
Alvarado,Jose,621237,2022,3.18,0.203,0.187,0.275,0.259,0.249,0.282,0.088,87.2,3,30.6,6.5,57.4,16.7,22.2
Diaz,Edwin,621242,2022,1.31,0.16,0.149,0.205,0.205,0.202,0.223,0.056,85.5,10.4,34,4.1,47.4,24.7,22.7
Berrios,Jose,621244,2022,5.23,0.288,0.275,0.466,0.35,0.346,0.329,0.191,90,13.9,36.3,9.5,40.7,27.1,25.6
GarzaJr.,Ralph,621248,2022,3.34,0.284,0.293,0.453,0.347,0.361,0.377,0.16,87.3,10.4,36.4,6.8,43.2,18.6,28.8
UnderwoodJr.,Duane,621249,2022,4.4,0.254,0.256,0.354,0.299,0.314,0.342,0.098,87.8,7.3,36,3.5,50.6,19.2,26.2
Wittgren,Nick,621295,2022,5.9,0.299,0.262,0.366,0.346,0.317,0.341,0.103,89,14.2,30.1,1,43.7,24.3,26.2
Minter,A.J.,621345,2022,2.06,0.198,0.182,0.304,0.246,0.242,0.237,0.122,88.3,18,32.1,8.8,39.6,27,22
Poche,Colin,621363,2022,3.99,0.211,0.215,0.365,0.299,0.292,0.288,0.15,86,22.3,33.5,8.9,32.3,26.6,22.8
Borucki,Ryan,621366,2022,5.68,0.247,0.28,0.472,0.35,0.368,0.365,0.192,88.1,8.1,32.5,10.4,50.6,28.6,15.6
Hearn,Taylor,621368,2022,5.13,0.268,0.265,0.42,0.337,0.337,0.341,0.155,89.5,15.1,38.6,9.8,38.6,25.8,28.8
Strahm,Matt,621381,2022,3.83,0.224,0.204,0.346,0.296,0.285,0.294,0.142,87.5,18.3,37,7.6,38.7,27.7,21.8
Banks,Tanner,621383,2022,3.06,0.213,0.252,0.383,0.268,0.312,0.318,0.131,88.1,9.6,33.6,7.4,46.3,22.1,27.5
Blach,Ty,621389,2022,5.89,0.291,0.274,0.403,0.338,0.313,0.32,0.129,87.4,13.6,35.8,6,43,31.1,21.9
Young,Alex,622065,2022,2.36,0.282,0.249,0.334,0.325,0.297,0.326,0.085,88.9,7.3,30.1,2.4,54.2,18.1,24.1
Wood,Alex,622072,2022,5.1,0.262,0.248,0.398,0.315,0.31,0.305,0.15,88.6,8.5,33.8,7.1,49.2,22.8,23.6
Almonte,Yency,622075,2022,1.02,0.15,0.205,0.307,0.215,0.271,0.291,0.102,83.4,11.1,30.7,4.5,50,20.5,20.5
Smith,Drew,622098,2022,3.33,0.222,0.222,0.409,0.3,0.302,0.284,0.187,90.1,19.5,34.5,11.8,34.5,35.3,20.2
Sborz,Josh,622250,2022,6.45,0.284,0.266,0.443,0.364,0.342,0.344,0.177,92.1,18.8,43.9,10.5,29.8,33.3,28.1
Staumont,Josh,622251,2022,6.45,0.261,0.247,0.392,0.355,0.342,0.372,0.145,90.2,18.6,38.8,5.8,29.1,31.1,33
Tate,Dillon,622253,2022,3.05,0.213,0.227,0.337,0.27,0.277,0.287,0.111,87.1,0,25.4,5.3,58.9,19.1,21.5
Castillo,Luis,622491,2022,2.99,0.212,0.223,0.344,0.273,0.284,0.291,0.12,89,10.4,33.8,6.9,48,20.8,24.9
Crismatt,Nabil,622503,2022,2.94,0.226,0.234,0.35,0.285,0.291,0.302,0.116,87.7,7.8,33,5.2,50.3,18.8,26.7
Dominguez,Seranthony,622554,2022,3,0.197,0.214,0.337,0.268,0.286,0.301,0.123,90.2,8.9,31.7,8.1,47.2,24.4,22.8
Senzatela,Antonio,622608,2022,5.07,0.349,0.311,0.447,0.386,0.35,0.354,0.136,89.9,6.7,34.2,4.5,50.8,16.5,30
Severino,Luis,622663,2022,3.18,0.196,0.203,0.328,0.273,0.268,0.27,0.125,89.4,11,33.6,6.9,45.2,25.9,22.4
Hernandez,Elieser,622694,2022,6.35,0.269,0.233,0.475,0.388,0.337,0.306,0.242,89.4,24.1,33.3,13,28.6,35.4,20.8
Sewald,Paul,623149,2022,2.67,0.146,0.189,0.319,0.228,0.254,0.262,0.13,86.3,20.6,33.6,9.4,32.2,32.2,21.5
Flexen,Chris,623167,2022,3.73,0.25,0.256,0.43,0.315,0.331,0.324,0.174,89.1,18.4,35.7,9,35.1,32.6,23.5
Brazoban,Huascar,623211,2022,3.09,0.222,0.201,0.311,0.317,0.296,0.333,0.109,83.2,7.3,29.5,5.1,50,29.5,20.5
Hader,Josh,623352,2022,5.22,0.225,0.196,0.359,0.313,0.292,0.29,0.162,87.7,16.4,45.1,11.5,31,31.9,30.1
Stephens,Jackson,623451,2022,3.69,0.238,0.248,0.361,0.286,0.305,0.331,0.114,87,8.8,33.3,4.9,47.5,16,30.2
Phillips,Evan,623465,2022,1.14,0.155,0.175,0.266,0.197,0.231,0.242,0.091,86.1,15,31.2,4.3,46.4,20.3,22.5
Herget,Jimmy,623474,2022,2.48,0.196,0.216,0.343,0.245,0.267,0.27,0.127,88.1,15,31.4,6.5,42.7,23.2,25.4
Suarez,Ranger,624133,2022,3.65,0.249,0.241,0.368,0.314,0.302,0.311,0.127,87.5,5.1,27.9,6.8,56,18.4,21.6
Thompson,Keegan,624522,2022,3.76,0.239,0.241,0.413,0.322,0.326,0.323,0.172,89,13.2,36.6,8.6,40.9,28.3,24.6
Lopez,Reynaldo,625643,2022,2.76,0.218,0.229,0.327,0.245,0.267,0.268,0.099,89.4,15.3,36,5.1,41,23.6,25.8
Iglesias,Raisel,628452,2022,2.47,0.204,0.214,0.36,0.253,0.275,0.268,0.147,87.3,17.5,39.1,10.6,35.8,33.1,23.8
Marte,Yunior,628708,2022,5.44,0.255,0.238,0.327,0.33,0.304,0.337,0.089,86.8,9.5,31,3.5,50,20.4,24.6
Urias,Julio,628711,2022,2.16,0.199,0.205,0.332,0.263,0.262,0.258,0.128,86.7,17.2,29.6,6.7,40,28.5,20.5
Crowe,Wil,640444,2022,4.38,0.235,0.248,0.365,0.308,0.317,0.34,0.116,87.6,10,30.5,4.9,51.1,22.9,21.5
Finnegan,Kyle,640448,2022,3.51,0.221,0.222,0.364,0.288,0.283,0.285,0.142,90.2,8.3,30.7,8,48.9,21,23.9
Harvey,Hunter,640451,2022,2.52,0.234,0.205,0.311,0.272,0.26,0.267,0.105,90.4,14.5,31,5,39,34,22
Manaea,Sean,640455,2022,4.96,0.254,0.24,0.407,0.33,0.312,0.302,0.167,90.3,16.3,32.7,9.1,38.7,30.7,22.1
Puk,A.J.,640462,2022,3.12,0.217,0.222,0.358,0.296,0.299,0.315,0.136,86.9,11.4,29.2,8.8,45,22.2,22.8
Lopez,Pablo,641154,2022,3.75,0.234,0.239,0.378,0.305,0.301,0.302,0.138,87.9,11,33.7,9,47.1,23.8,23.6
Alexander,Tyler,641302,2022,4.81,0.275,0.281,0.497,0.337,0.355,0.327,0.215,88.9,16.9,37.6,11.2,37.4,27.9,25
Baker,Bryan,641329,2022,3.49,0.23,0.226,0.318,0.277,0.28,0.303,0.092,89.8,13.3,31.7,4.8,42.5,21.5,26.9
Bickford,Phil,641360,2022,4.72,0.233,0.211,0.403,0.312,0.29,0.262,0.193,88.8,18.4,28,11.6,38.4,30.5,20.1
Brogdon,Connor,641401,2022,3.27,0.253,0.224,0.358,0.31,0.278,0.273,0.133,87.4,18.8,36.5,6.3,34.9,27,27
Castano,Daniel,641447,2022,4.04,0.292,0.282,0.432,0.366,0.337,0.333,0.15,86.9,11,28.8,6.4,48.8,20.8,24
CortesJr.,Nestor,641482,2022,2.44,0.189,0.204,0.32,0.245,0.257,0.256,0.115,87.9,19.2,34.2,5.3,34.2,31.1,23.5
Danish,Tyler,641501,2022,5.13,0.255,0.292,0.512,0.334,0.378,0.358,0.22,89,10.1,34.4,10.4,48.8,22.4,21.6
Dunning,Dane,641540,2022,4.46,0.268,0.25,0.4,0.344,0.327,0.332,0.15,87.9,5.4,30,8.9,52.8,21.3,22.8
Foster,Matt,641582,2022,4.4,0.247,0.252,0.399,0.308,0.317,0.32,0.146,88.2,20.4,39.6,6,32.1,26.1,29.1
Gott,Trevor,641627,2022,4.14,0.205,0.203,0.333,0.29,0.268,0.267,0.131,86.7,13.3,33.1,7.9,44.9,27.6,19.7
Hudson,Dakota,641712,2022,4.45,0.273,0.276,0.41,0.326,0.343,0.361,0.133,89,6.3,31.7,6,54.2,19.2,22.5
Jefferies,Daulton,641726,2022,5.72,0.286,0.25,0.397,0.333,0.301,0.293,0.147,89.2,11,34.3,8.2,47,26.9,22.4
Jimenez,Joe,641729,2022,3.49,0.226,0.216,0.345,0.268,0.266,0.259,0.129,88.6,20,37.6,7.8,33.3,31.2,27
Keller,Brad,641745,2022,5.09,0.277,0.256,0.405,0.337,0.323,0.327,0.149,89.3,6.7,28.7,6.6,52.4,22.1,22.1
Kinley,Tyler,641755,2022,0.75,0.226,0.207,0.296,0.253,0.252,0.263,0.089,88.8,13.6,34.8,1.5,39.4,24.2,30.3
Kuhl,Chad,641771,2022,5.72,0.284,0.272,0.466,0.368,0.352,0.345,0.194,90.5,15.8,36,9.7,37.4,26.4,29.3
Lauer,Eric,641778,2022,3.69,0.228,0.24,0.394,0.31,0.312,0.311,0.154,88.8,17.7,35.8,8,34.9,31.9,24.4
Littell,Zack,641793,2022,5.08,0.276,0.223,0.394,0.348,0.297,0.28,0.171,88,13.7,29.2,8,43.1,30.7,18.2
Mahle,Tyler,641816,2022,4.4,0.23,0.214,0.358,0.303,0.291,0.288,0.144,88.7,17.9,31.9,7.5,36.4,34.6,21.1
Mayza,Tim,641835,2022,3.14,0.237,0.263,0.415,0.295,0.316,0.312,0.152,88.6,0.2,34.6,7.4,58.8,14,25
Ober,Bailey,641927,2022,3.21,0.227,0.262,0.464,0.272,0.334,0.304,0.202,90.1,19.5,38,11.7,29.4,31.9,30.1
Pagan,Emilio,641941,2022,4.43,0.245,0.227,0.398,0.334,0.307,0.303,0.171,89.6,12.7,35,9.8,40.5,29.4,24.5
Rogers,Josh,642028,2022,5.13,0.238,0.247,0.467,0.331,0.343,0.321,0.219,88.6,21.7,30,8.9,36.7,33.3,16.7
Sulser,Cole,642121,2022,5.29,0.295,0.261,0.445,0.374,0.342,0.342,0.183,90.2,13.9,40,8.4,43.2,24.2,27.4
Trivino,Lou,642152,2022,4.53,0.288,0.253,0.392,0.349,0.323,0.337,0.139,88.7,6.8,32.9,7.1,52.3,15.5,24.5
Williams,Devin,642207,2022,1.93,0.151,0.147,0.199,0.225,0.223,0.264,0.051,84.3,9.4,30.6,0.9,50.5,21.6,22.5
Yarbrough,Ryan,642232,2022,4.5,0.276,0.251,0.412,0.345,0.324,0.321,0.161,85.1,17.2,32.6,7.3,39.1,27.6,22.2
Soto,Gregory,642397,2022,3.28,0.225,0.222,0.346,0.302,0.313,0.343,0.124,91.4,7.7,34,6.2,48.8,22.2,23.5
Loaisiga,Jonathan,642528,2022,4.13,0.234,0.245,0.33,0.271,0.29,0.316,0.085,83.9,3.3,27.9,2,59.9,14.3,19.7
Barria,Jaime,642545,2022,2.61,0.217,0.242,0.426,0.29,0.314,0.295,0.183,88.3,16.3,30.8,10,42.1,31.3,19.2
Hernandez,Jonathan,642546,2022,2.97,0.232,0.241,0.368,0.296,0.313,0.346,0.127,90.3,0.5,27.9,4.7,61.6,15.1,22.1
Peralta,Freddy,642547,2022,3.58,0.19,0.191,0.3,0.256,0.257,0.267,0.11,87.1,16.9,31.3,3.5,39.8,26.9,22.9
Bautista,Felix,642585,2022,2.19,0.167,0.186,0.296,0.24,0.255,0.265,0.11,86.8,14.7,32.6,8.5,43.3,23.4,22.7
Santana,Dennis,642701,2022,5.22,0.228,0.245,0.341,0.287,0.306,0.338,0.096,86.6,9.7,35.5,4.7,48.5,18.3,27.2
Acevedo,Domingo,642758,2022,3.33,0.206,0.235,0.373,0.273,0.29,0.294,0.138,86.7,14,31.4,7.4,42,27.1,22.3
Cimber,Adam,643256,2022,2.8,0.248,0.252,0.369,0.294,0.297,0.305,0.117,89.1,12.1,34.6,5.1,43.9,20.6,28.5
Dunn,Justin,643290,2022,6.1,0.276,0.299,0.615,0.425,0.431,0.4,0.316,91.4,20.6,42.3,16.5,30.9,36.1,23.7
Jax,Griffin,643377,2022,3.36,0.212,0.22,0.353,0.265,0.278,0.282,0.133,88.1,10.6,33.9,6.9,46,24.9,24.3
LeiterJr.,Mark,643410,2022,3.99,0.21,0.231,0.378,0.296,0.307,0.317,0.148,87.2,10.4,30.5,6.2,49.2,22,21.5
Pruitt,Austin,643493,2022,4.23,0.226,0.242,0.425,0.299,0.308,0.277,0.183,88,12.9,30.1,9.7,46,31.3,15.3
Rogers,Tyler,643511,2022,3.57,0.253,0.24,0.33,0.302,0.286,0.306,0.09,84.2,1.4,27.8,3.7,56.4,17.4,21.2
Arano,Victor,644364,2022,4.5,0.278,0.234,0.366,0.329,0.296,0.299,0.132,85.8,6.4,32.3,5.5,52.8,21.3,19.7
Alcantara,Sandy,645261,2022,2.28,0.212,0.215,0.331,0.26,0.267,0.268,0.116,87.8,5.5,28.4,5.3,54.2,19.8,18.9
Pop,Zach,647315,2022,2.77,0.272,0.256,0.365,0.287,0.286,0.285,0.108,88.2,1.3,29.4,5.6,57.1,15.9,22.2
Abreu,Bryan,650556,2022,1.94,0.207,0.196,0.274,0.264,0.269,0.296,0.077,86.6,12.8,25.4,3.8,47.7,17.7,23.1
King,Michael,650633,2022,2.29,0.192,0.207,0.307,0.241,0.263,0.274,0.1,86.2,8.4,35.9,6.8,48.7,17.9,26.5
Civale,Aaron,650644,2022,4.92,0.249,0.246,0.393,0.313,0.303,0.298,0.147,88.6,13.5,35,7.5,41.8,28.2,23.6
Quijada,Jose,650671,2022,3.98,0.172,0.168,0.324,0.275,0.265,0.281,0.156,88.1,22.2,27.7,10.6,33,36.2,14.9
Cabrera,Genesis,650893,2022,4.63,0.231,0.26,0.429,0.322,0.341,0.351,0.169,86.3,12.2,33.3,7.2,44.9,20.3,23.9
Castillo,Diego,650895,2022,3.64,0.203,0.201,0.32,0.26,0.269,0.288,0.119,86.4,9,27.6,7.6,46.2,26.2,20.7
Sanchez,Cristopher,650911,2022,5.63,0.244,0.243,0.39,0.323,0.321,0.333,0.147,87.9,4.9,30.6,6.6,54.5,20.7,21.5
Abreu,Albert,656061,2022,3.26,0.243,0.234,0.37,0.328,0.324,0.347,0.136,87.6,2.9,36.7,5.5,53.2,18.3,25.7
Beeks,Jalen,656222,2022,2.8,0.219,0.223,0.376,0.297,0.299,0.297,0.153,86.7,9.6,31.4,8.3,46.2,23.1,23.7
Bird,Jake,656234,2022,4.91,0.249,0.254,0.414,0.331,0.336,0.353,0.159,91.2,5.4,31,6.3,55.6,21.8,21.1
Brigham,Jeff,656257,2022,3.38,0.244,0.237,0.379,0.322,0.308,0.313,0.142,89.5,23.4,38.1,6.3,22.2,36.5,33.3
Burke,Brock,656271,2022,1.97,0.211,0.219,0.362,0.278,0.284,0.281,0.143,88.6,13.2,35.4,7.1,39.6,28.8,24.1
Cease,Dylan,656302,2022,2.2,0.19,0.184,0.292,0.263,0.257,0.273,0.109,86.8,15,31.4,6.2,39.4,30.3,22.1
Davidson,Tucker,656353,2022,6.75,0.266,0.25,0.38,0.363,0.338,0.368,0.129,89.6,10.8,30.8,5.2,44.8,24.4,25
Davis,Austin,656354,2022,5.79,0.258,0.239,0.372,0.333,0.33,0.35,0.133,86.5,16.9,37,7.4,34.6,29.6,25.9
Faedo,Alex,656412,2022,5.53,0.293,0.277,0.464,0.361,0.358,0.355,0.187,91.1,19.1,45.4,9.8,31.6,31.6,30.5
Flaherty,Jack,656427,2022,4.25,0.259,0.242,0.39,0.358,0.341,0.366,0.148,87.2,11.8,38.3,5.6,44.9,23.4,27.1
Gilbert,Tyler,656457,2022,5.24,0.25,0.302,0.557,0.332,0.389,0.354,0.255,88.9,19.1,41.2,11.4,33.3,37.7,21.9
Gilbreath,Lucas,656458,2022,4.19,0.242,0.236,0.327,0.313,0.316,0.359,0.092,88.5,13.5,30.6,2.8,46.3,18.5,27.8
Ginkel,Kevin,656464,2022,3.38,0.243,0.21,0.305,0.29,0.266,0.284,0.095,89,8.6,26.8,4.9,50,22,20.7
Hentges,Sam,656529,2022,2.32,0.186,0.206,0.303,0.235,0.261,0.278,0.097,88.8,-0.2,24.5,5.3,62.9,15.2,17.2
Hoffman,Jeff,656546,2022,3.83,0.235,0.221,0.383,0.325,0.317,0.325,0.161,89.3,22.4,31,8.7,28.6,39.7,22.2
Houck,Tanner,656557,2022,3.15,0.226,0.241,0.355,0.274,0.305,0.329,0.114,89.7,4.5,33.7,4.9,52.1,19.6,25.2
Keller,Mitch,656605,2022,3.91,0.266,0.253,0.383,0.323,0.318,0.331,0.13,87.9,7.8,33.3,7.1,49.9,19.3,25.8
Kopech,Michael,656629,2022,3.54,0.198,0.216,0.375,0.286,0.308,0.311,0.159,89.9,18.3,28.9,8.8,35.9,35.3,18.8
Lange,Alex,656638,2022,3.41,0.203,0.202,0.31,0.282,0.283,0.309,0.108,86.1,4.9,26.1,5.2,55.6,20.9,17.6
Logue,Zach,656657,2022,6.79,0.293,0.274,0.523,0.391,0.37,0.336,0.249,89.5,19.4,35.8,12.4,31.1,35.8,21.2
Martin,Brett,656685,2022,4.14,0.26,0.253,0.382,0.31,0.304,0.317,0.129,89.5,6.4,32.5,5.2,49.4,20.8,26
Martin,Corbin,656686,2022,4.84,0.291,0.3,0.523,0.362,0.389,0.38,0.223,91.8,10.9,45.6,10.3,29.4,29.4,39.7
Megill,Trevor,656730,2022,4.8,0.282,0.268,0.442,0.33,0.34,0.335,0.174,92.2,9.5,38,8.5,44.2,22.5,28.7
Megill,Tylor,656731,2022,5.13,0.253,0.253,0.438,0.313,0.321,0.303,0.185,89.2,13.5,36.3,10.4,42.2,28.1,23
Montgomery,Jordan,656756,2022,3.48,0.235,0.258,0.4,0.291,0.31,0.303,0.143,88.5,9.8,34.1,7.1,47.9,22.2,25.1
Nelson,Nick,656793,2022,4.85,0.257,0.222,0.323,0.311,0.297,0.322,0.101,87.6,15.1,33,3.6,39.1,25.4,26.9
Newcomb,Sean,656794,2022,8.78,0.287,0.277,0.5,0.4,0.384,0.379,0.223,90.7,18.7,39.1,13.8,34.5,28.7,27.6
Overton,Connor,656818,2022,2.73,0.188,0.235,0.34,0.23,0.288,0.303,0.105,90.2,16.2,26.3,3,42.4,23.2,22.2
Peterson,David,656849,2022,3.83,0.236,0.231,0.363,0.313,0.308,0.325,0.131,89.7,8.1,33.7,7.7,49.8,17.9,27.1
Rasmussen,Drew,656876,2022,2.84,0.222,0.238,0.375,0.27,0.29,0.283,0.137,88.9,10.1,31.2,6.6,47.5,23.4,22.5
Scott,Tanner,656945,2022,4.31,0.236,0.223,0.324,0.321,0.316,0.359,0.101,86.1,7.6,40.9,5.4,46.3,17.4,32.2
Smeltzer,Devin,656970,2022,3.71,0.253,0.251,0.437,0.326,0.322,0.303,0.187,88.8,16.2,32.6,7,39.2,30.4,21.6
Steele,Justin,657006,2022,3.18,0.244,0.237,0.336,0.296,0.295,0.316,0.099,87.1,7.5,31,3.9,51.8,20.5,24.1
Swanson,Erik,657024,2022,1.68,0.202,0.201,0.291,0.236,0.237,0.244,0.09,85,20.3,37.6,6.4,34.4,25.6,25.6
Thompson,Ryan,657044,2022,3.8,0.234,0.23,0.338,0.282,0.273,0.286,0.108,87.8,6.8,27.1,4.7,51.2,20.9,20.9
Toussaint,Touki,657053,2022,4.62,0.176,0.204,0.274,0.296,0.311,0.373,0.07,89.4,9.9,20.3,3.4,55.9,16.9,18.6
Watkins,Spenser,657093,2022,4.7,0.281,0.285,0.452,0.331,0.345,0.338,0.167,90,11.6,37.6,7.2,42.5,24.9,26.2
Wright,Kyle,657140,2022,3.19,0.232,0.244,0.384,0.288,0.306,0.308,0.139,89,4.4,31.1,6.8,55.5,18.4,22.2
Merryweather,Julian,657240,2022,6.75,0.292,0.246,0.457,0.355,0.327,0.304,0.211,90.3,14.3,28.7,10.3,49.4,21.8,16.1
OttoJr.,Glenn,657248,2022,4.64,0.236,0.247,0.424,0.325,0.343,0.345,0.177,89,13.2,34.2,8.9,43.6,24,24.5
Strzelecki,Peter,657265,2022,2.83,0.22,0.22,0.354,0.277,0.287,0.303,0.134,88.1,16.5,41.3,7.6,33.7,32.6,29.3
Uelmen,Erich,657272,2022,4.67,0.248,0.223,0.369,0.326,0.312,0.334,0.147,89,6.7,36.1,8.4,48.2,19.3,25.3
Webb,Logan,657277,2022,2.9,0.24,0.247,0.364,0.283,0.295,0.301,0.116,88.9,3.1,29.3,5.5,57.8,15.2,22.9
Schmidt,Clarke,657376,2022,3.12,0.222,0.222,0.359,0.285,0.292,0.305,0.137,89.1,13.5,34.2,9.7,43.9,26.5,23.2
Baumann,Mike,657508,2022,4.72,0.314,0.266,0.416,0.353,0.325,0.32,0.15,91.8,9.5,29.6,7,50.4,20.9,20.9
Ferguson,Caleb,657571,2022,1.82,0.187,0.195,0.285,0.265,0.273,0.303,0.09,84.8,13.8,36,3.5,41.9,23.3,26.7
Hill,Tim,657612,2022,3.56,0.251,0.236,0.301,0.282,0.274,0.305,0.065,88.2,1.6,22.4,1.3,59,14.1,21.2
Koenig,Jared,657649,2022,5.72,0.26,0.271,0.426,0.333,0.347,0.355,0.154,90.4,12.3,28.9,5.2,49.6,21.5,22.2
Ryan,Joe,657746,2022,3.55,0.211,0.215,0.373,0.294,0.294,0.289,0.158,88.2,24.2,36.1,8.6,29.3,32.8,22.7
Stout,Eric,657770,2022,5.64,0.275,0.22,0.361,0.37,0.323,0.354,0.142,90.6,21.6,30.3,9.1,34.8,34.8,18.2
Medina,Adonis,658431,2022,6.08,0.306,0.287,0.44,0.357,0.351,0.353,0.152,91.2,7.4,30.9,7.4,51.9,13.6,28.4
Lamet,Dinelson,659275,2022,6.12,0.242,0.226,0.394,0.342,0.329,0.343,0.168,90.5,15.6,42,9.9,35.8,30.9,24.7
Ohtani,Shohei,660271,2022,2.33,0.203,0.204,0.311,0.255,0.256,0.26,0.107,87.1,14.5,32,6.3,41.9,26.6,22.8
Rodriguez,Elvin,660730,2022,10.62,0.331,0.284,0.55,0.458,0.391,0.365,0.266,92.9,17.8,33.3,14.7,36.3,32.4,22.5
Suarez,Jose,660761,2022,3.96,0.243,0.234,0.384,0.309,0.298,0.296,0.15,88.7,12,36,8.4,41.3,28,26.7
DeLosSantos,Yerry,660787,2022,4.91,0.224,0.243,0.437,0.298,0.333,0.326,0.194,88.8,9.3,23.3,12.3,53.4,23.3,15.1
Graterol,Brusdar,660813,2022,3.26,0.215,0.207,0.294,0.256,0.246,0.258,0.087,85.5,-0.7,24.1,4.3,63.8,17,15.6
DeLosSantos,Enyel,660853,2022,3.04,0.208,0.236,0.4,0.265,0.307,0.303,0.164,90.6,12,38.5,9.6,41.5,22.2,29.6
Gutierrez,Vladimir,661269,2022,7.61,0.313,0.259,0.448,0.437,0.364,0.381,0.189,89.3,18.6,37.5,9.2,33.3,31.7,25.8
Martinez,Adrian,661309,2022,6.24,0.295,0.277,0.482,0.367,0.354,0.336,0.205,89.1,14,35.3,10.3,41.3,26.1,25
Ortega,Oliver,661383,2022,3.71,0.25,0.263,0.418,0.332,0.344,0.358,0.155,90.4,9.3,30.2,7.3,51,16.7,25
Duran,Jhoan,661395,2022,1.86,0.207,0.187,0.269,0.251,0.232,0.25,0.082,88.2,-1.1,25.5,4.5,61.1,16.6,18.5
Clase,Emmanuel,661403,2022,1.36,0.167,0.197,0.27,0.187,0.219,0.229,0.073,86.3,0.3,29.5,2.2,64.5,13.1,19.1
Martinez,Seth,661527,2022,2.09,0.187,0.198,0.301,0.242,0.26,0.277,0.103,86.6,15.4,27.5,5.9,41.2,21.6,23.5
Munoz,Andres,662253,2022,2.49,0.189,0.163,0.241,0.231,0.211,0.229,0.078,86.2,7.2,24.1,5.3,52.6,24.1,16.5
Suarez,Robert,663158,2022,2.27,0.176,0.197,0.315,0.263,0.282,0.302,0.118,88.4,12.3,37.1,8.6,43.8,25.7,25.7
Feltner,Ryan,663372,2022,5.83,0.266,0.26,0.454,0.343,0.34,0.328,0.194,89.7,13.3,35.3,8.3,41.6,27.4,25.7
Thornton,Trent,663423,2022,4.11,0.237,0.267,0.46,0.309,0.348,0.338,0.193,90.1,19.2,37.3,6.7,36.6,23.1,28.4
Rainey,Tanner,663432,2022,3.3,0.228,0.222,0.4,0.304,0.309,0.3,0.178,89.4,22.5,30.4,10.1,31.6,40.5,17.7
Martin,Davis,663436,2022,4.83,0.259,0.268,0.431,0.325,0.334,0.329,0.163,89.1,17.1,34.3,7.1,38.4,23.7,27.8
Pilkington,Konnor,663455,2022,3.88,0.238,0.245,0.406,0.315,0.336,0.346,0.161,89.2,13.2,35.1,12.1,39.7,28.2,25.9
Bubic,Kris,663460,2022,5.58,0.306,0.286,0.455,0.371,0.362,0.367,0.169,90,10.7,41,7.8,42.2,24.6,29
McKenzie,Triston,663474,2022,2.96,0.201,0.222,0.397,0.268,0.293,0.274,0.175,90.2,19.7,37.3,9.8,34.3,32.3,23.5
Sands,Cole,663485,2022,5.87,0.276,0.226,0.408,0.356,0.325,0.322,0.183,89.3,14.1,26.3,7.1,44.4,29.3,18.2
Hjelle,Sean,663546,2022,5.76,0.311,0.267,0.396,0.349,0.318,0.325,0.128,89.5,3.2,39.7,6.4,59,10.3,29.5
McClanahan,Shane,663556,2022,2.54,0.194,0.207,0.332,0.248,0.261,0.257,0.126,87.6,8.3,31.6,6.4,50.6,21,23.2
Moran,Jovani,663558,2022,2.21,0.172,0.168,0.25,0.229,0.236,0.259,0.082,85,7.4,23.9,5.4,50,19.6,20.7
Falter,Bailey,663559,2022,3.86,0.263,0.262,0.455,0.338,0.331,0.309,0.193,89,17.6,37.7,8.3,34.1,33.3,25
Lynch,Daniel,663738,2022,5.13,0.29,0.277,0.45,0.352,0.345,0.344,0.174,91.2,12.8,33.7,8.8,43,24.5,26.6
Morris,Cody,663752,2022,2.28,0.241,0.254,0.425,0.315,0.341,0.345,0.171,88,16.4,36.9,12.3,36.9,29.2,27.7
Woodford,Jake,663765,2022,2.23,0.249,0.276,0.378,0.268,0.31,0.321,0.102,88,9.4,25,5.3,53.3,18.4,19.7
Sandoval,Patrick,663776,2022,2.91,0.246,0.246,0.36,0.294,0.307,0.323,0.114,87.3,11.4,31.6,5.7,47.7,22.1,23
Hicks,Jordan,663855,2022,4.84,0.21,0.212,0.331,0.302,0.307,0.338,0.118,86.9,1.4,28.5,7,58.2,19.6,18.4
Singer,Brady,663903,2022,3.23,0.246,0.247,0.397,0.3,0.309,0.304,0.15,89.3,8.6,33.2,8.2,49.4,20.7,24.9
Stephan,Trevor,663986,2022,2.69,0.238,0.195,0.273,0.278,0.239,0.261,0.079,87.5,10.2,27,3.1,49.1,23.3,23.3
Vespi,Nick,663989,2022,4.1,0.284,0.286,0.491,0.361,0.357,0.342,0.205,87.7,10,44,10.7,41.3,22.7,33.3
Gonsolin,Tony,664062,2022,2.14,0.172,0.22,0.342,0.238,0.276,0.281,0.123,89,13.8,33.8,5.6,43.2,26.5,23.8
Poppen,Sean,664092,2022,4.4,0.265,0.222,0.364,0.342,0.294,0.308,0.142,89.1,16.6,35.3,7.1,37.6,30.6,24.7
Effross,Scott,664123,2022,2.54,0.214,0.204,0.303,0.247,0.248,0.261,0.1,87.3,8.7,30,4,45.3,24.7,22
Gibaut,Ian,664139,2022,4.5,0.277,0.212,0.305,0.354,0.282,0.31,0.093,86.6,14.9,40.9,4.3,38.7,23.7,25.8
Brubaker,JT,664141,2022,4.69,0.271,0.257,0.414,0.339,0.329,0.33,0.157,89.6,10.8,36.2,7.6,43.8,23.4,27.1
Swarmer,Matt,664161,2022,5.03,0.25,0.245,0.498,0.391,0.361,0.343,0.254,90.7,17.7,30.9,13.4,38.1,36.1,22.7
Clarke,Taylor,664199,2022,4.04,0.26,0.23,0.373,0.309,0.277,0.263,0.143,89.5,19.1,34.9,6.2,36.3,28.8,23.3
MatonIII,Phil,664208,2022,3.84,0.237,0.246,0.383,0.321,0.32,0.336,0.137,85.1,14.2,39.2,6.3,38.6,25,29
Valdez,Framber,664285,2022,2.82,0.223,0.227,0.33,0.272,0.284,0.301,0.102,89.8,-3.6,24,5.8,67.4,10.6,19.5
Moreta,Dauri,664294,2022,5.4,0.227,0.22,0.405,0.341,0.311,0.304,0.184,90.6,22.9,36.5,12.5,32.7,27.9,24
Javier,Cristian,664299,2022,2.54,0.17,0.168,0.286,0.251,0.244,0.25,0.118,88.4,25.4,31.2,7.2,27,38.7,21
Yajure,Miguel,664337,2022,8.88,0.307,0.326,0.521,0.394,0.414,0.43,0.195,92.3,15.5,31.8,7.1,43.5,24.7,25.9
Urquidy,Jose,664353,2022,3.94,0.244,0.256,0.451,0.316,0.329,0.306,0.194,89.7,17.2,34.7,9.4,36.7,30.9,24.5
Diaz,Alexis,664747,2022,1.84,0.131,0.159,0.279,0.223,0.26,0.286,0.12,86.7,21,31.3,7.5,31.3,36.6,20.1
Helsley,Ryan,664854,2022,1.25,0.128,0.152,0.275,0.198,0.223,0.223,0.123,88.8,22.2,27.2,8.8,34.4,32,18.4
Lawrence,Justin,664875,2022,5.7,0.265,0.223,0.325,0.327,0.293,0.317,0.102,87.8,5.9,30,4.2,51.7,20.8,23.3
Misiewicz,Anthony,664948,2022,4.34,0.248,0.23,0.431,0.312,0.312,0.296,0.201,90.1,16.2,38.1,11.9,39.3,32.1,23.8
Kelley,Trevor,665001,2022,6.08,0.26,0.217,0.429,0.373,0.317,0.297,0.212,85,19.6,39.7,12.3,35.6,30.1,23.3
Kremer,Dean,665152,2022,3.23,0.262,0.265,0.423,0.312,0.327,0.321,0.158,88.4,14.7,36.6,7.3,40.3,27.8,24.4
Garcia,Rony,665621,2022,4.41,0.213,0.279,0.542,0.301,0.379,0.339,0.264,91.5,18.9,42.6,16.3,31.2,37.6,24.8
Sanmartin,Reiver,665665,2022,6.32,0.293,0.229,0.377,0.367,0.306,0.316,0.148,86,4.6,29.4,7.2,55,21.7,19.4
Cabrera,Edward,665795,2022,3.01,0.177,0.21,0.366,0.284,0.312,0.324,0.156,86.7,12.7,32.8,8.6,47.1,27.6,19
Assad,Javier,665871,2022,3.11,0.24,0.255,0.388,0.314,0.327,0.345,0.133,87.5,17.8,32.8,5.2,41.4,23.3,21.6
Anderson,Ian,666120,2022,5,0.264,0.254,0.383,0.333,0.323,0.338,0.129,89.2,8.4,32,6.2,48.4,22.9,24
Garrett,Braxton,666129,2022,3.58,0.254,0.247,0.39,0.319,0.312,0.316,0.142,89.4,9,32.9,7.2,47.8,22.1,24.1
Ragans,Cole,666142,2022,4.95,0.272,0.276,0.419,0.346,0.336,0.343,0.143,87.5,18.2,36.6,6.9,37.4,19.8,29
Lodolo,Nick,666157,2022,3.66,0.235,0.215,0.362,0.325,0.309,0.321,0.147,88.7,11.9,32.1,9.1,45.6,21.8,24.6
Manning,Matt,666159,2022,3.43,0.231,0.256,0.402,0.274,0.31,0.309,0.146,89.1,14.8,32.8,6.2,41,28.7,23.1
Thompson,Mason,666168,2022,2.92,0.211,0.241,0.359,0.271,0.3,0.31,0.118,86.1,12.2,26.3,3.9,52.6,19.7,19.7
Luzardo,Jesus,666200,2022,3.32,0.191,0.218,0.352,0.267,0.287,0.29,0.134,89,13.2,34.2,6.6,41.2,24.7,28
Manoah,Alek,666201,2022,2.24,0.202,0.224,0.343,0.261,0.284,0.29,0.118,87.5,16.9,33,5.4,38.4,27.1,25
Jimenez,Dany,666204,2022,3.41,0.183,0.197,0.305,0.237,0.262,0.295,0.109,89.4,16.2,26.9,4.3,43,29,17.2
Wentz,Joey,666214,2022,3.03,0.195,0.214,0.346,0.27,0.296,0.299,0.132,88.8,12.9,31.9,7.4,40.4,29.8,21.3
Brash,Matt,666374,2022,4.44,0.247,0.247,0.355,0.318,0.328,0.367,0.108,88.8,6.7,33.6,4.8,52,16.8,24
Castillo,Max,666721,2022,5.95,0.252,0.25,0.431,0.338,0.335,0.328,0.181,90.7,11.5,32.8,10.3,48.3,24.1,20.7
Doval,Camilo,666808,2022,2.53,0.218,0.199,0.287,0.278,0.266,0.293,0.088,85.9,-0.8,30.6,4.6,57.8,16.2,22.5
Nance,Tommy,667297,2022,4.33,0.265,0.238,0.357,0.339,0.308,0.336,0.118,88.5,9.2,32.5,4.4,47.4,22.8,23.7
Jackson,Zach,667427,2022,3,0.171,0.185,0.322,0.257,0.295,0.328,0.137,89.4,21.6,35,10,30,34,24
King,John,667463,2022,4.03,0.298,0.279,0.404,0.326,0.317,0.327,0.126,90.7,0.2,24.9,6.2,64.4,13.6,20.3
Plesac,Zach,668676,2022,4.31,0.26,0.278,0.474,0.324,0.351,0.333,0.196,89.5,13,37.6,9.6,40.7,26.8,26.4
Gallen,Zac,668678,2022,2.54,0.186,0.213,0.341,0.25,0.278,0.279,0.127,87.8,10.8,33,7.8,46.7,24.2,22.2
Thompson,Zack,668868,2022,2.08,0.164,0.233,0.352,0.235,0.3,0.313,0.119,87,5.4,30.5,6.3,54.7,22.1,20
Greene,Hunter,668881,2022,4.44,0.222,0.22,0.393,0.318,0.31,0.305,0.174,89.7,20.7,35.6,9.4,30.7,36.2,25.2
Ashcraft,Graham,668933,2022,4.89,0.281,0.263,0.376,0.326,0.311,0.323,0.113,86.9,3.8,31,4.8,54.6,18.9,22.5
McCarty,Kirk,668948,2022,4.54,0.259,0.254,0.494,0.356,0.352,0.321,0.24,89.5,17,36.1,10.9,39.5,29.4,23.5
Gore,MacKenzie,669022,2022,4.5,0.248,0.259,0.432,0.323,0.349,0.356,0.173,90.8,13.7,41.8,9.7,38.3,25.5,29.6
Wilson,Bryse,669060,2022,5.52,0.287,0.291,0.474,0.356,0.358,0.347,0.183,90.9,11.5,37.6,7.7,44.8,25.5,25.3
Zimmermann,Bruce,669145,2022,5.99,0.321,0.302,0.561,0.407,0.383,0.333,0.26,91.1,14,39.3,13.2,40.1,27.6,25.7
May,Dustin,669160,2022,4.5,0.194,0.214,0.312,0.284,0.298,0.332,0.097,86.6,4.7,32.9,5.1,51.9,19,22.8
Heasley,Jonathan,669169,2022,5.28,0.267,0.268,0.456,0.355,0.353,0.35,0.188,90.2,14.9,34.8,9.4,37.1,28.9,26
Burnes,Corbin,669203,2022,2.94,0.197,0.212,0.337,0.267,0.274,0.275,0.124,87.2,10,31.6,5.7,47.6,24.3,21.8
Akin,Keegan,669211,2022,3.2,0.227,0.242,0.38,0.284,0.296,0.29,0.138,87.8,7.9,35.7,6.5,50,21.7,25.2
Morgan,Eli,669212,2022,3.38,0.192,0.2,0.354,0.268,0.266,0.25,0.154,87.8,19.5,35.5,8.9,30.8,33.1,26
Kuhnel,Joel,669270,2022,6.36,0.291,0.238,0.392,0.347,0.302,0.295,0.154,90.1,7.6,32.2,7.2,54.4,23.3,18.3
Lee,Dylan,669276,2022,2.13,0.212,0.207,0.329,0.249,0.251,0.246,0.122,88.6,18.1,34.1,5.3,37.1,31.1,22.7
Gilbert,Logan,669302,2022,3.2,0.242,0.253,0.408,0.299,0.314,0.308,0.155,91,14.6,37.6,7.1,37.8,26.4,28.9
Wells,Tyler,669330,2022,4.25,0.231,0.23,0.404,0.301,0.303,0.285,0.174,88.3,19.1,30.9,7.9,37.5,28.7,20.8
Baz,Shane,669358,2022,5,0.252,0.248,0.415,0.333,0.319,0.312,0.167,91.1,12,36.4,7.8,44.2,18.2,27.3
Skubal,Tarik,669373,2022,3.52,0.237,0.231,0.357,0.289,0.285,0.285,0.126,89.3,11.3,31.2,5.5,47.1,24.8,23.2
Coleman,Dylan,669395,2022,2.78,0.194,0.211,0.339,0.282,0.302,0.327,0.129,86.4,12.5,34.9,6.9,42.3,22.9,26.9
Lambert,Jimmy,669424,2022,3.26,0.227,0.198,0.304,0.301,0.273,0.295,0.106,86.6,18.1,32.1,4.5,36.6,30.6,23.9
Rogers,Trevor,669432,2022,5.47,0.274,0.263,0.425,0.354,0.338,0.34,0.162,88.4,12.1,35.5,7.5,43,26.2,25.5
Bieber,Shane,669456,2022,2.88,0.23,0.245,0.386,0.269,0.292,0.281,0.141,89.9,10,32.4,7.2,48.8,20.9,24.3
Nelson,Kyle,669459,2022,2.19,0.194,0.235,0.373,0.266,0.311,0.321,0.138,88.5,13.7,31.7,7.7,41.3,30.8,23.1
Liberatore,Matthew,669461,2022,5.97,0.304,0.268,0.46,0.391,0.357,0.355,0.191,91.2,16.4,38.6,8.8,39.5,26.3,24.6
Pallante,Andre,669467,2022,3.17,0.274,0.254,0.35,0.32,0.302,0.323,0.096,89.4,-3.3,25.1,3.2,65,12.5,20.7
Barlow,Joe,669618,2022,3.86,0.213,0.248,0.471,0.3,0.351,0.336,0.222,91.4,15.2,37.6,10.9,36.6,32.7,22.8
Long,Sam,669674,2022,3.61,0.238,0.253,0.422,0.329,0.32,0.315,0.169,88.6,15.5,35.3,6.8,39.8,33.1,20.3
Wesneski,Hayden,669713,2022,2.18,0.198,0.182,0.263,0.258,0.231,0.243,0.082,84.5,14,23.6,4.5,47.2,29.2,13.5
Snead,Kirby,669912,2022,5.84,0.308,0.26,0.402,0.369,0.325,0.342,0.141,87.8,11.4,33.8,6.6,43.7,27.8,23.8
Alexander,Jason,669920,2022,5.4,0.312,0.285,0.449,0.38,0.357,0.357,0.164,90.1,4.7,32.5,8.2,52.3,21.4,23.5
Kirby,George,669923,2022,3.39,0.264,0.233,0.379,0.302,0.284,0.271,0.146,89.3,11.3,31.4,8.9,46.3,25.7,21.2
White,Mitch,669952,2022,5.45,0.276,0.259,0.383,0.332,0.315,0.324,0.124,87.9,14.7,34,5.6,43.2,21.9,26.5
Festa,Matt,670036,2022,4.17,0.218,0.222,0.382,0.312,0.3,0.294,0.159,87.2,17.3,34.1,7.4,41.5,32.6,19.3
Holderman,Colin,670059,2022,3.81,0.206,0.212,0.317,0.267,0.295,0.33,0.105,87.3,18,18.4,6.6,47.4,21.1,14.5
Mills,Wyatt,670090,2022,4.6,0.243,0.252,0.374,0.309,0.324,0.356,0.122,85.2,12.9,35.7,4.8,44,32.1,20.2
Oller,Adam,670124,2022,6.3,0.28,0.263,0.485,0.392,0.366,0.353,0.221,90.2,19.2,34.9,10,33.7,36.1,20.5
Schreiber,John,670167,2022,2.22,0.195,0.185,0.283,0.258,0.251,0.261,0.097,87.2,2.5,25,5,58.1,20.6,16.9
Winckowski,Josh,670174,2022,5.89,0.3,0.272,0.433,0.366,0.338,0.337,0.162,89.5,5.3,30.5,9.9,52.7,18.9,22.6
Bednar,David,670280,2022,2.61,0.218,0.224,0.349,0.271,0.28,0.288,0.125,90.5,15.3,37.9,7.3,33.9,26.6,32.3
Oviedo,Johan,670912,2022,3.21,0.227,0.208,0.321,0.293,0.278,0.293,0.113,87.3,10.6,25.3,6.2,50.6,24.7,18.5
Richards,Trevor,670950,2022,5.34,0.238,0.236,0.42,0.32,0.331,0.333,0.183,89.4,17,40.5,11,35,29.4,28.2
Morejon,Adrian,670970,2022,4.24,0.238,0.241,0.417,0.285,0.308,0.295,0.177,90,19.2,36.9,8.7,34,36.9,22.3
Ramirez,Yohan,670990,2022,4.58,0.23,0.245,0.377,0.324,0.334,0.364,0.132,87.8,8.7,32.1,7.3,49.5,15.6,25.7
Foley,Jason,671345,2022,3.88,0.298,0.263,0.366,0.309,0.296,0.301,0.103,90.7,3.2,26,4.5,57.5,21,19
Detmers,Reid,672282,2022,3.77,0.231,0.243,0.387,0.3,0.312,0.318,0.144,89.3,16.7,39.9,8,36.6,26.4,28.1
Perez,Cionel,672335,2022,1.4,0.22,0.237,0.362,0.257,0.296,0.307,0.125,89.1,5.1,33.1,6.4,51.6,19.7,25.5
Ort,Kaleb,672391,2022,6.35,0.302,0.265,0.453,0.366,0.353,0.358,0.188,91.6,20.5,33.3,8.9,33.3,27.8,27.8
Hernandez,Carlos,672578,2022,7.39,0.314,0.272,0.449,0.378,0.351,0.357,0.177,88.7,14.5,36.7,8,37.7,27.6,26.6
Contreras,Roansy,672710,2022,3.79,0.225,0.24,0.43,0.312,0.325,0.316,0.19,90.1,17.7,36.3,11,36.3,28.1,23.8
Adon,Joan,672851,2022,7.1,0.29,0.274,0.464,0.379,0.371,0.38,0.19,89.3,7.5,35.7,10,48.6,24.3,24.8
Henry,Tommy,674072,2022,5.36,0.263,0.253,0.434,0.357,0.339,0.34,0.181,90,13.7,36.6,9,40,29.7,24.1
Grove,Michael,675627,2022,4.6,0.26,0.217,0.354,0.335,0.275,0.276,0.137,91.6,16,28.3,6.1,41.4,37.4,17.2
Strider,Spencer,675911,2022,2.67,0.18,0.179,0.279,0.235,0.242,0.254,0.1,88,14.1,32.7,6.1,40.3,25.9,26.3
Karinchak,James,675916,2022,2.08,0.161,0.181,0.279,0.243,0.267,0.294,0.098,91,26.6,39.5,5.3,23.7,31.6,31.6
Howard,Spencer,675921,2022,7.41,0.309,0.275,0.5,0.416,0.358,0.338,0.225,91.4,13.8,34.4,10.7,40.5,32.1,22.9
Naughton,Packy,676050,2022,4.78,0.295,0.256,0.392,0.336,0.301,0.298,0.137,87.1,10,31.4,6.9,51,21.6,24.5
Snider,Collin,676092,2022,6.55,0.301,0.301,0.465,0.363,0.371,0.38,0.164,89.6,6.9,32.1,7.1,50.9,20.5,25.9
Abbott,Cory,676265,2022,5.25,0.239,0.2,0.419,0.363,0.325,0.313,0.219,90.3,23.8,29.1,12.1,29.1,43.3,16.3
Whitlock,Garrett,676477,2022,3.45,0.222,0.227,0.366,0.278,0.278,0.267,0.139,88.8,15.3,35.2,8,40.8,25.8,22.5
Faucher,Calvin,676534,2022,5.48,0.289,0.276,0.501,0.357,0.371,0.356,0.224,90.7,12.3,43.5,13,40.6,29,27.5
Fleming,Josh,676596,2022,6.43,0.348,0.263,0.421,0.403,0.323,0.32,0.158,90.4,-3.7,29.9,7.9,63.8,13.4,21.3
Sears,JP,676664,2022,3.86,0.256,0.258,0.425,0.314,0.327,0.323,0.167,90.5,17.3,30.7,9,41.5,28.8,19.8
Vest,Will,676684,2022,4,0.262,0.24,0.382,0.304,0.311,0.312,0.142,87.8,5.8,32.8,7.1,50.3,21.3,25.1
Crawford,Kutter,676710,2022,5.47,0.269,0.253,0.438,0.344,0.331,0.322,0.185,89.7,17.1,42,8.8,31.4,30.5,28.8
Hughes,Brandon,676714,2022,3.12,0.2,0.217,0.393,0.298,0.305,0.308,0.176,88.8,19,39.6,11.1,34,32.6,24.3
Marinaccio,Ron,676760,2022,2.05,0.149,0.156,0.238,0.252,0.257,0.296,0.082,84.5,16.6,33,5.3,41.5,30.9,20.2
Ashby,Aaron,676879,2022,4.44,0.254,0.222,0.358,0.331,0.301,0.31,0.136,87.1,2,29.7,6.8,57.4,19.6,18.9
Garcia,Luis,677651,2022,3.72,0.222,0.228,0.384,0.295,0.294,0.285,0.156,88.4,17.1,35.4,7.8,37.4,30.6,23.5
Bruihl,Justin,677865,2022,3.8,0.253,0.245,0.382,0.322,0.3,0.313,0.137,86.2,15.2,33.3,6.4,41,25.6,25.6
Bello,Brayan,678394,2022,4.71,0.315,0.247,0.347,0.355,0.303,0.328,0.1,88,5.3,32.1,5.4,55.4,17.4,24.5
Gray,Josiah,680686,2022,5.02,0.239,0.219,0.419,0.35,0.319,0.308,0.201,87.4,19.7,33.6,10.7,34,33.6,21.7
Bradish,Kyle,680694,2022,4.9,0.265,0.253,0.404,0.334,0.327,0.331,0.15,89.9,8.7,31.4,7.8,45.9,25.9,23.8
Sandlin,Nick,680704,2022,2.25,0.176,0.212,0.297,0.253,0.286,0.33,0.085,86.5,8,25,4.5,56.3,19.6,16.1
Winder,Josh,680739,2022,4.7,0.264,0.268,0.457,0.337,0.349,0.331,0.189,89.1,17.1,35.5,10.1,34.1,33.2,25.3
Silseth,Chase,681217,2022,6.59,0.287,0.306,0.509,0.387,0.386,0.377,0.202,90.9,7.5,35.9,10.9,45.7,21.7,29.3
Wantz,Andrew,681806,2022,3.22,0.206,0.218,0.377,0.294,0.306,0.307,0.159,87.8,21.6,34.9,10.9,30.2,35.7,23.3
Vesia,Alex,681911,2022,2.15,0.187,0.188,0.295,0.244,0.261,0.281,0.107,87,17.4,35.2,6.6,36.1,27.9,25.4
Hill,Garrett,682051,2022,4.03,0.231,0.27,0.471,0.316,0.364,0.361,0.201,88.8,18.7,36.8,9.5,35.3,26.3,24.7
Murfee,Penn,682171,2022,2.99,0.192,0.2,0.316,0.251,0.254,0.258,0.116,85.7,19.5,35.8,5.1,33.5,35.8,22.7
Arihara,Kohei,685503,2022,9.45,0.387,0.313,0.509,0.475,0.398,0.404,0.196,90.1,6.7,33.8,10,51.2,20,23.8
Waldichuk,Ken,686610,2022,4.93,0.244,0.246,0.437,0.337,0.33,0.318,0.191,88.7,16.9,33.3,12.1,36.4,30.3,24.2
Pepiot,Ryan,686752,2022,3.47,0.2,0.193,0.361,0.327,0.321,0.344,0.168,89,24.2,33,10.2,27.3,38.6,21.6
Varland,Louie,686973,2022,3.81,0.263,0.271,0.441,0.329,0.329,0.319,0.169,88.7,14.8,43.6,6.4,38.5,26.9,28.2
Brieske,Beau,689225,2022,4.19,0.236,0.286,0.49,0.306,0.36,0.34,0.204,89.2,17.2,31.7,10.4,37.8,31.3,22.8
Elder,Bryce,693821,2022,3.17,0.222,0.243,0.388,0.288,0.319,0.329,0.145,88.2,8.8,30.5,5.8,50,22.1,21.4