player_id,first_name,last_name,BA,SLG%,OBP,OPS
405395,Albert,Pujols,0.2637006631527118,0.5065787254702253,0.33540799840361685,0.842
408234,Miguel,Cabrera,0.23907666932368066,0.3532061943585022,0.2988731885512192,0.652
425877,Yadier,Molina,0.23330137794724667,0.3600498044391125,0.2650878895418307,0.625
429664,Robinson,Cano,0.22071842018112606,0.3215167357024983,0.2520519570396924,0.574
435559,Kurt,Suzuki,0.1788890567518568,0.2761481479190742,0.26840181723877854,0.545
443558,Nelson,CruzJr.,0.24878855165929345,0.4106010848987467,0.32266053987998816,0.733
444482,David,Peralta,0.24940947552607384,0.404383153427937,0.31820262714495057,0.723
444876,Alcides,Escobar,0.2135676540746821,0.2868466031852134,0.2579388135140144,0.545
446334,Evan,Longoria,0.22737291048032504,0.44871882833572463,0.3083105755371298,0.757
453568,Charlie,Blackmon,0.26705888125395083,0.4044912052820466,0.3171307012187502,0.722
455117,Martin,Maldonado,0.18877588406884654,0.36137856633880566,0.24136821652126683,0.603
455139,Robinson,Chirinos,0.15904951262952738,0.28238240053963476,0.2502365131560046,0.533
456715,Lorenzo,Cain,0.21698401015870108,0.2666767439472293,0.24772787771950275,0.514
456781,Donovan,Solano,0.26976432346074897,0.39156667994541605,0.3270821452139924,0.719
457705,Andrew,McCutchen,0.2540870851716502,0.41392496733850254,0.33567225632949343,0.75
457759,Justin,Turner,0.26409861990592687,0.43453038653893633,0.3363589517691697,0.771
458015,Joey,Votto,0.2103235192330269,0.39091147015740496,0.32833762815655504,0.719
462101,Elvis,Andrus,0.2521147480289899,0.40098112556377324,0.30249552643118693,0.703
467793,Carlos,Santana,0.24621502351872276,0.4392653843932209,0.3547285869160546,0.794
474832,Brandon,Belt,0.2085249703488988,0.4290262696465506,0.3304849507091693,0.76
476704,Jed,Lowrie,0.1918168995977363,0.2812046954344956,0.259070225899917,0.54
488726,Michael,BrantleyJr.,0.3056532457819959,0.48096215230902445,0.3973535188554404,0.878
493329,Yuli,Gurriel,0.25827559496583563,0.3465387223255781,0.295092905641407,0.642
500743,Miguel,Rojas,0.2656191761675209,0.36564092835521644,0.3084852216325139,0.674
500871,Eduardo,Escobar,0.24937148433096848,0.44165058702255633,0.2997035990746285,0.741
501303,Ehire,Adrianza,0.21777014695843333,0.2930592026168275,0.3134176045977547,0.606
502054,Tommy,Pham,0.24422594950824947,0.3930183065812001,0.321283585337036,0.714
502110,J.D.,Martinez,0.2624372549914116,0.4613743169189381,0.3349056608822965,0.796
502671,Paul,Goldschmidt,0.263453569619817,0.4874077881094712,0.3612675924786851,0.849
503556,Marwin,Gonzalez,0.2236083802288414,0.35722119389113416,0.2916156730612574,0.649
514888,Jose,Altuve,0.28055546307791945,0.4548118164903264,0.36289959827121004,0.818
514917,Cesar,Hernandez,0.26043727842527375,0.3596448076945336,0.3201061157071045,0.68
516416,Jean,Segura,0.26579015164823444,0.38976886211337175,0.33368829879017686,0.723
516782,Starling,Marte,0.2856936962421539,0.42490047415338034,0.33402576583520543,0.759
518586,Charlie,Culberson,0.23359140166580025,0.3226610483851845,0.26736415034965033,0.59
518595,Travis,d'Arnaud,0.25387723319680333,0.4184503328451683,0.30375771578059063,0.722
518626,Josh,Donaldson,0.2345723166255618,0.409909507958041,0.3004642810923896,0.71
518692,Freddie,Freeman,0.30958568483782295,0.5273839933783537,0.3977309117573602,0.925
518735,Yasmani,Grandal,0.22438151354471222,0.3410829389875656,0.31614598385466874,0.657
518792,Jason,Heyward,0.22814253203389612,0.35816387576640346,0.29921127969841327,0.657
518934,DJ,LeMahieu,0.27549022276760415,0.40349891738747123,0.3694000409969111,0.773
519058,Mike,Moustakas,0.1944558004958578,0.3295536555015148,0.28089721553202734,0.61
519203,Anthony,Rizzo,0.24019427193969523,0.47138776989388714,0.34925798432058536,0.821
519222,Austin,Romine,0.15034202701791666,0.24777528348204075,0.22713776844887143,0.475
519317,Giancarlo,Stanton,0.2396942781204777,0.4718386163706952,0.3304233318332263,0.802
519390,Stephen,Vogt,0.2113576861450687,0.35253597478913834,0.29140099912618234,0.644
521692,Salvador,Perez,0.24045870932987212,0.46732337107643107,0.28736492521894325,0.755
527038,Wilmer,Flores,0.23719597451828706,0.4139049593721926,0.32153403515767076,0.735
541645,Avisail,Garcia,0.2338564786187005,0.3786144969326253,0.28121021220149744,0.66
542194,Christian,Bethancourt,0.25413703498087936,0.44895155680028426,0.28764422656630895,0.737
542303,Marcell,Ozuna,0.2615340176703426,0.4901964719735733,0.3075260258004362,0.798
542340,Jonathan,Villar,0.22860842207332566,0.3076269858888015,0.2612121212496654,0.569
542364,Rafael,Ortega,0.24896786299007814,0.36556451941785695,0.3298358487840087,0.695
542583,Jesus,Aguilar,0.24290090601913633,0.41539631433252905,0.28963750717135683,0.705
542932,Jon,Berti,0.24693922107472843,0.38305373895889433,0.3305266571645263,0.714
543063,Brandon,Crawford,0.22896970204728917,0.363646825142337,0.3007108924209232,0.664
543068,C.J.,Cron,0.2507765198441286,0.4499476001054875,0.31044429516220584,0.76
543228,Yan,Gomes,0.24618219820266532,0.38810676510374853,0.28513873810425894,0.673
543257,Robbie,Grossman,0.21792905388517428,0.34120100981494184,0.3079771291476085,0.649
543281,Josh,Harrison,0.24545544314014692,0.3628078664792369,0.2990775632024322,0.662
543305,Aaron,Hicks,0.22574168984185877,0.36568004120424374,0.3302949967596678,0.696
543309,Kyle,Higashioka,0.2515324988219559,0.45391559007565235,0.28957897356260515,0.743
543333,Eric,Hosmer,0.2753534693156464,0.3958022624460101,0.3338713052654805,0.73
543510,James,McCann,0.24124912094733633,0.40424341784332823,0.296159117493526,0.7
543543,Brad,Miller,0.21552487708809084,0.3494406752796222,0.2674488064492267,0.617
543592,Austin,Nola,0.2646214792282748,0.3630144280876147,0.32822959223674547,0.691
543685,Anthony,Rendon,0.23929524829037782,0.414990168307495,0.33783276867240253,0.753
543760,Marcus,Semien,0.25159676779536727,0.42576235200196416,0.30754193545051234,0.733
543807,George,SpringerIII,0.26396126121846725,0.43583725381988375,0.34037480844145135,0.776
543877,Christian,Vazquez,0.2748812292069358,0.3935660293903822,0.31266851697555387,0.706
543939,Kolten,Wong,0.2463053249172004,0.3757808591204537,0.33102997040479903,0.707
544369,Didi,Gregorius,0.23559320956535632,0.35637285777746786,0.28578639239787856,0.642
544725,Leury,Garcia,0.23897586894418515,0.3530558139468851,0.26177339639608754,0.615
545121,Ildemaro,Vargas,0.2333951546430094,0.3292494167094474,0.25974576649902376,0.589
545341,Randal,Grichuk,0.23313794561776713,0.40929327244070945,0.276548250051484,0.686
545358,Max,Stassi,0.18436606385122448,0.3427200969699391,0.266325775860744,0.609
545361,Mike,Trout,0.26239035129361477,0.554900391668574,0.3601334536321793,0.915
546318,Odubel,Herrera,0.22551493776413709,0.3534668231355076,0.26264051825903023,0.616
546991,Albert,AlmoraJr.,0.23433307506103776,0.3302400028333507,0.2947262874945003,0.625
547180,Bryce,Harper,0.2841368171335028,0.523947645226892,0.3658006776616347,0.89
547989,Jose,Abreu,0.2876547867271618,0.499017013937738,0.36578243610944844,0.865
553869,Elias,Diaz,0.2347648034026014,0.3589223779571328,0.2866143720672133,0.646
553882,Omar,Narvaez,0.21837751217800863,0.33082123837600313,0.28908108350841744,0.62
553993,Eugenio,Suarez,0.215779888774536,0.45845376466812887,0.3182030080957897,0.777
570482,Gio,Urshela,0.2708474446979589,0.4188726498713131,0.3234134155234358,0.742
570731,Jonathan,Schoop,0.23299464822297059,0.3579484954889807,0.2567573862476532,0.615
571448,Nolan,Arenado,0.27009725155591036,0.4750848684590808,0.3376232527077006,0.813
571466,Tucker,Barnhart,0.22064889709963104,0.2898612437174108,0.2721527972472461,0.562
571657,Kyle,Farmer,0.26741595822592695,0.40485403875850584,0.3212568497217731,0.726
571745,Mitch,Haniger,0.25043806197156515,0.4618538369030235,0.30992244385845075,0.772
571771,Enrique,Hernandez,0.24825439335597468,0.3846536989063999,0.31117083090803027,0.696
571875,Jake,Lamb,0.2067432205132759,0.3642534679583669,0.307814081719488,0.672
571912,Luke,Maile,0.18069765685024475,0.32309349261888004,0.2705002617282845,0.594
571970,Max,Muncy,0.21128077921228727,0.41041962903737206,0.33872497226737003,0.749
571976,Wil,Myers,0.23001434046990166,0.3787594130644551,0.28526205979314423,0.664
571980,Tyler,Naquin,0.25057659880871275,0.44162672028380784,0.3017562903323696,0.743
572039,Stephen,Piscotty,0.21952863887435858,0.3565577633389187,0.2815125263920065,0.638
572041,AJ,Pollock,0.2618379878489734,0.4112345919193423,0.3063659159343166,0.718
572191,MichaelA.,Taylor,0.237905832462801,0.39215953404008547,0.29606241057890714,0.688
572204,Trayce,Thompson,0.24403284641133385,0.4583795859652563,0.35065727161264154,0.809
572228,Luke,VoitIII,0.22700017667566696,0.4496964527077044,0.3051495670619178,0.755
572233,Christian,Walker,0.2636771051416942,0.5031775724355556,0.34517683407987493,0.848
572287,Mike,Zunino,0.18286930981875035,0.35273992148700956,0.2269179986402487,0.58
572761,Matt,Carpenter,0.2142125632326388,0.49753290146354395,0.34790032580796415,0.845
572816,Corey,Dickerson,0.27132985886586153,0.38852661233734886,0.2928180454602535,0.681
573131,Darin,Ruf,0.21739722803888015,0.3836564556305433,0.31830700370732745,0.702
573262,Mike,Yastrzemski,0.21834776661530741,0.4131058469765425,0.3154366262063504,0.729
575929,Willson,Contreras,0.26005679846122837,0.4682759446103567,0.35962039999858186,0.828
578428,Jose,Iglesias,0.2683243955696902,0.34224262723224463,0.31061112437351074,0.653
592178,Kris,Bryant,0.28510576822112,0.4290240300168978,0.34914567607022096,0.778
592192,Mark,Canha,0.2508981257623233,0.399119433205775,0.35630472128995416,0.755
592200,Curt,Casali,0.20074614573077423,0.3503792003123431,0.30303360744344515,0.653
592206,Nick,Castellanos,0.24676029485272039,0.41007843367150415,0.2926972917967497,0.703
592273,Brandon,Drury,0.24903744865421512,0.41076463596062246,0.30316223231714823,0.714
592325,Ben,Gamel,0.2509060001116748,0.38297981190526265,0.3342728782412211,0.717
592450,Aaron,Judge,0.3135886456123425,0.6237871659541443,0.4259536540224482,1.05
592518,Manny,Machado,0.26759685811328693,0.4660148560493936,0.3436898787484062,0.81
592567,Colin,Moran,0.21693322788351124,0.3537815704338133,0.3233296119375493,0.677
592626,Joc,Pederson,0.25868635243953453,0.48480995441307007,0.3474639013419363,0.832
592663,J.T.,Realmuto,0.27773100024293873,0.4702200188125349,0.34139200894796856,0.812
592669,Hunter,Renfroe,0.24462358187746364,0.4531867840350195,0.30152305166534693,0.755
592696,Eddie,Rosario,0.21744638791024928,0.35452137434356723,0.25528358749996133,0.61
592885,Christian,Yelich,0.26970352430433797,0.398924615077503,0.35672833318660124,0.756
593160,Whit,Merrifield,0.2479674169480492,0.401872224624127,0.30000380273734184,0.702
593428,Xander,Bogaerts,0.27015239086128523,0.4022362709028243,0.3421586692268216,0.744
593643,Hanser,Alberto,0.22198742546772954,0.3384741434168687,0.2562525151490666,0.595
593871,Jorge,Polanco,0.24916333532857565,0.44507609259142666,0.3651791049068814,0.81
594777,Kole,Calhoun,0.233818324307808,0.3798379376797156,0.2858434668054889,0.666
594807,Adam,Duvall,0.21112405343103025,0.38890481836001195,0.2825781589847455,0.671
595281,Kevin,Kiermaier,0.2520359024970267,0.38626620348220003,0.31218804066191114,0.698
595751,Jorge,Alfaro,0.23642564404467922,0.3942917593876862,0.27524762399035635,0.67
595777,Jurickson,Profar,0.2543281552062105,0.3989629585793576,0.34673430780106274,0.746
595879,Javier,Baez,0.236775857413516,0.40700696730690955,0.2814564418951509,0.688
595909,Jake,Cave,0.2187395134261726,0.39737519000692606,0.2618935030778474,0.659
595978,Austin,Hedges,0.1845072176614236,0.2792905540088996,0.2555568803231083,0.535
596019,Francisco,Lindor,0.2587777132032253,0.4365756698700461,0.33677907712293,0.773
596059,Rougned,Odor,0.21422025700607297,0.35698102466704784,0.280436208785791,0.637
596103,Austin,Slater,0.2652677655216284,0.42948923814042744,0.36743472454120835,0.797
596115,Trevor,Story,0.22274366592867806,0.40359921531828136,0.29538533448520377,0.699
596117,Garrett,Stubbs,0.20825058457720874,0.31746743143486233,0.2931092721772654,0.611
596129,Daniel,Vogelbach,0.23744326603480279,0.4238124979272571,0.35742487038592136,0.781
596142,Gary,Sanchez,0.22002303606860252,0.4371128993421199,0.2928773681526074,0.73
596146,Max,Kepler,0.26488331238291285,0.4062587148929095,0.35339091953783713,0.76
596748,Maikel,Franco,0.24814803026277846,0.3635440090480283,0.277193707290989,0.641
596847,JiMan,Choi,0.23992339304724086,0.4063141515640645,0.3435109564027601,0.75
598265,Jackie,BradleyJr.,0.23167728720622474,0.3606266394844536,0.28250342614869856,0.643
600303,Tommy,LaStella,0.24096088310107555,0.35816896174455615,0.2808290162288263,0.639
600869,Jeimer,Candelario,0.2368228293212785,0.402286485990871,0.28622877660160423,0.689
602074,Yonathan,Daza,0.29029084614830974,0.3739778938173781,0.34638886311538203,0.72
602104,Ramon,Urias,0.2522141400164735,0.40903111290927585,0.3068187227660578,0.716
605119,Brian,Anderson,0.22959410840777886,0.38304489172873696,0.3232397976988053,0.706
605131,Austin,Barnes,0.210195677118971,0.36292890105307296,0.31706466939072553,0.68
605137,Josh,Bell,0.28059939302261944,0.4281141881523524,0.3685952785797229,0.797
605141,Mookie,Betts,0.25660116332057376,0.48603068922230813,0.3390168195569778,0.825
605170,Victor,Caratini,0.22622994294608748,0.3560687397593403,0.33060877989186865,0.687
605204,J.D.,Davis,0.24240503100234156,0.4443331851845695,0.3308642350358696,0.775
605244,Aramis,Garcia,0.22134084676018137,0.3463193839949974,0.2540760125071008,0.6
605353,Vimael,Machin,0.2521636682777107,0.35076121782241904,0.3249098586299614,0.676
605421,Michael,Perez,0.2110389868679687,0.3718854290097471,0.2645946750625106,0.636
605548,Bradley,Zimmer,0.15363317663627218,0.26537562980320323,0.2260680518395004,0.491
605612,Harold,Castro,0.2782524267032911,0.414582872178738,0.3183526100322289,0.733
606115,Orlando,Arcia,0.2567476399820987,0.404073425073838,0.33448610509469545,0.739
606132,Raimel,Tapia,0.26845713857806675,0.3883942599495991,0.28386419952417435,0.672
606157,Aristides,Aquino,0.18619591033094016,0.3550866400161891,0.22928254760079095,0.584
606192,Teoscar,Hernandez,0.26277165238690536,0.49470588968038925,0.3190688127744316,0.814
606466,Ketel,Marte,0.251434620200574,0.4085901156444235,0.33591137149777467,0.745
606992,Eric,Haase,0.23571150045060166,0.39400280001086996,0.29238133022195645,0.686
607043,Brandon,Nimmo,0.27307497776994594,0.41314942613453454,0.36366647272504943,0.777
607054,Jace,Peterson,0.24616979586851037,0.3895618806951688,0.32359821873702316,0.713
607208,Trea,Turner,0.28207796213049957,0.4468199633024766,0.34003675019557045,0.787
607732,Jacob,Stallings,0.23091897181072515,0.34179515585996817,0.2977131866721688,0.64
608070,Jose,Ramirez,0.26087420155237934,0.4485172652730093,0.34668503046097066,0.795
608324,Alex,Bregman,0.26661510767151797,0.44151700022204443,0.3623177341464405,0.804
608336,Joey,Gallo,0.1747083656999177,0.3733081206088544,0.28815224897638264,0.661
608348,Carson,Kelly,0.2284140807707884,0.3688142217253082,0.2975851003027943,0.666
608369,Corey,Seager,0.28443766759816874,0.5229886791211027,0.36289287206650944,0.886
608385,Jesse,Winker,0.24310431144446695,0.42108414434734875,0.3578149213092784,0.779
608577,Nomar,Mazara,0.25386955770306974,0.39214025068352354,0.31215902287621516,0.704
608700,Kevin,Plawecki,0.2348199623467731,0.3156219947335086,0.3029037849192598,0.619
608701,Rob,Refsnyder,0.28906201870379467,0.4739088855696003,0.36036911936986793,0.834
608703,Matt,Reynolds,0.23890021735721834,0.323931955287274,0.2991150294867762,0.623
608841,Joey,Meneses,0.2687894300434101,0.4683676295651011,0.3132208175235321,0.782
609280,Miguel,Andujar,0.25359180165014794,0.3553998920637257,0.27607609611708955,0.631
613564,Jason,Vosler,0.24351510987842925,0.38908738612289473,0.33028554545020516,0.719
614173,Franchy,Cordero,0.22915984810779835,0.38620425410971515,0.3066676707944611,0.693
614177,Franmil,Reyes,0.21569778742670287,0.3869070146974359,0.25790258490855555,0.645
620443,Luis,Torrens,0.23743721194448802,0.3511968305218869,0.2991394207324579,0.65
621020,Dansby,Swanson,0.26595535971067596,0.4921285372395723,0.3204419184386074,0.813
621028,Kevin,Newman,0.257023264569532,0.34468422101728763,0.31101553522590686,0.656
621035,Chris,Taylor,0.1933555812719236,0.33808329789453806,0.2843634927114546,0.622
621043,Carlos,Correa,0.28095383653089306,0.4874269650681052,0.3579809577574011,0.845
621433,Brett,Phillips,0.1595514152587609,0.26677784158162093,0.2308391241908676,0.498
621438,Tyrone,Taylor,0.2390442846179186,0.42191003717578923,0.2881543229218934,0.71
621439,Byron,Buxton,0.24184170167016208,0.4985568816980174,0.31900047861864095,0.818
621450,Skye,Bolt,0.18149305917856653,0.34128027084984,0.25055088854935914,0.592
621493,Taylor,Ward,0.2672234101350161,0.4831064451773503,0.3528750101362998,0.836
621512,Tomas,Nido,0.24061515898685612,0.385102393240456,0.2701857117957168,0.655
621550,Patrick,Wisdom,0.18487288450438463,0.3968026598105685,0.2862329827886343,0.683
621563,Joey,Wendle,0.25983863909612404,0.3524884490232764,0.2956304618968723,0.648
621566,Matt,Olson,0.2479951972590451,0.4892022927221929,0.33789613594005063,0.827
622110,Matt,Duffy,0.23351303705814583,0.33098005897164284,0.28775858770418644,0.619
622534,Manuel,Margot,0.2724091898432944,0.38422684780236904,0.3158186522045819,0.7
622666,Johan,Camargo,0.2333316902913287,0.3335369267820129,0.2917753180529549,0.625
622682,Victor,Reyes,0.2732576145646553,0.38300668686603834,0.29210676197659374,0.675
622761,Jorge,Mateo,0.23197940552556354,0.36000636038817313,0.27037856476627264,0.63
623168,Tyler,Heineman,0.2625898138248229,0.30724081568758044,0.31036737698754563,0.618
623205,Andrew,Velazquez,0.21339220446940277,0.3298239709129106,0.24351656138959077,0.573
623520,David,Bote,0.21641476577815005,0.35072429239437064,0.2996554793133213,0.65
623912,Harold,Ramirez,0.27555350933352535,0.3938115683388999,0.326121050044512,0.72
623993,Anthony,Santander,0.25774198174689916,0.4836796705335404,0.34223117296840594,0.826
624413,Pete,Alonso,0.2651648517000177,0.5182125141182833,0.3493014882894886,0.868
624414,Christian,Arroyo,0.2820869209983313,0.425071457729538,0.32935958424950024,0.754
624415,Cavan,Biggio,0.20472763481453193,0.33882597619663085,0.31075658606265394,0.65
624428,Adam,Frazier,0.2634025821926685,0.3607985291285826,0.32146050049275215,0.682
624431,Jose,Trevino,0.24371316151260403,0.3828107524370796,0.2768464826044556,0.66
624503,Nick,Gordon,0.2613327366202817,0.4678816819827709,0.31050223301097196,0.778
624512,Reese,McGuire,0.24004639959956287,0.3467090993494582,0.2864424822089675,0.633
624585,Jorge,Soler,0.22296401640324956,0.40946540855631886,0.3117076995074757,0.721
624641,Edmundo,Sosa,0.2454333887365582,0.37267150136228705,0.2952512273867924,0.668
628450,Yadiel,Hernandez,0.2438965202605109,0.40909635705234143,0.2976080085353566,0.707
628451,Andy,Ibanez,0.22479554844553054,0.374291014004104,0.2763759177059546,0.651
630105,Jake,Cronenworth,0.2262113781591872,0.4067406263662741,0.32077499681387495,0.728
640457,Austin,Meadows,0.3011863791600557,0.47438745319242004,0.4027919655997599,0.877
640458,Oscar,Mercado,0.20797896372691288,0.36763724701325473,0.23709858601692424,0.605
640461,Chad,Pinder,0.23737691843146616,0.38010954646789047,0.24717620483322147,0.627
640492,Jose,Azocar,0.25777138371104,0.3503385125731362,0.2935587339418295,0.644
641313,Tim,Anderson,0.3178907387473636,0.43067726301936177,0.3370842560394067,0.768
641355,Cody,Bellinger,0.22194191189231244,0.34885468291046423,0.281261210564274,0.63
641470,Zack,Collins,0.18007953269309812,0.33181482532008894,0.2605286491980673,0.592
641487,J.P.,Crawford,0.2550777030460033,0.36137873770259127,0.3638780252930765,0.725
641511,Jason,Delay,0.2241914570149012,0.29471429005716504,0.25996621035818335,0.555
641531,Hunter,Dozier,0.24457647302376556,0.4085531063031242,0.29551589414627133,0.704
641553,Adam,Engel,0.22975197522699647,0.32293025960624333,0.26020891152522213,0.583
641584,Jake,Fraley,0.24377105300376595,0.41170944045606367,0.34115293688360315,0.753
641598,Mitch,Garver,0.22617650180259385,0.41089818900228364,0.31481406536290285,0.726
641645,Luis,Guillorme,0.265662393542128,0.35686023303121894,0.3485097581372982,0.705
641658,Garrett,Hampson,0.21880826070319295,0.31175416611051743,0.28371756126314274,0.595
641680,Jonah,Heim,0.23161962128110883,0.39097937531097465,0.29755571484113047,0.689
641779,Charles,Leblanc,0.21158626268926006,0.38937172161572353,0.275100050317271,0.664
641820,Trey,ManciniIII,0.2513215285507494,0.4128645752498163,0.336191929283922,0.749
641857,Ryan,McMahon,0.2492738482327387,0.42016812428516787,0.33093680250119084,0.751
641914,Sheldon,Neuse,0.2287006800473778,0.3104788322292087,0.28217165876751976,0.593
641933,Tyler,O'Neill,0.2370333344037823,0.40812773104897504,0.3159373892107094,0.724
642086,Dominic,Smith,0.22527178057814112,0.374600908654302,0.29833279214321196,0.673
642133,Rowdy,Tellez,0.25044419478048013,0.4909922002730775,0.3405877337299081,0.832
642165,Josh,VanMeter,0.23004708126367512,0.3584253413564374,0.30812759679082974,0.667
642180,Tyler,Wade,0.21956083949375368,0.2873714023386744,0.2629815324785723,0.55
642201,Eli,White,0.17781383632032743,0.2867847063590005,0.2594099849733601,0.546
642336,Francisco,Mejia,0.24653278830366165,0.34918437756811677,0.2693961456644491,0.619
642350,Jose,Siri,0.21885883843548246,0.35621394348464946,0.2632900213723754,0.62
642708,Amed,Rosario,0.2810927451666438,0.3998874207921795,0.31392022939356357,0.714
642715,Willy,Adames,0.244006074876728,0.45766991132803425,0.297358408903986,0.755
642727,Sergio,Alcantara,0.22491315063200087,0.3249367615878878,0.26984598323971354,0.595
642731,Thairo,Estrada,0.2561360724610561,0.3726642487776295,0.3248806490816271,0.698
642851,Austin,Wynns,0.22660307042738503,0.33948174509018614,0.27442527367999814,0.614
643217,Andrew,Benintendi,0.2758829218187589,0.4183850159366145,0.34515436196856536,0.764
643265,Garrett,Cooper,0.26078879680442096,0.42814637016738005,0.33265370203199274,0.761
643289,Mauricio,Dubon,0.24280828428414744,0.34997817704521095,0.285300782696062,0.635
643376,Danny,Jansen,0.26370808494570874,0.5344924187598118,0.3377812083275462,0.872
643393,Tony,Kemp,0.225990486625237,0.3161415901043402,0.2921159293085552,0.608
643396,Isiah,Kiner-Falefa,0.27189767314114394,0.35996406843674317,0.33369720683737136,0.694
643446,Jeff,McNeil,0.2945438085053972,0.41831470543035953,0.34931505974052146,0.768
643524,Frank,Schwindel,0.23249768585941613,0.3605871166178936,0.2786250142754467,0.639
644374,Yu,Chang,0.2186755763184641,0.3905809846500185,0.30093212005258574,0.692
645277,Ozzie,Albies,0.23990510994367995,0.4012201825826731,0.2890491753424454,0.69
645302,Victor,Robles,0.22604613466865225,0.31292513947653644,0.2670617887348719,0.58
645444,Jose,Herrera,0.1716059242048801,0.25566690379280155,0.23555969217955233,0.491
645801,Mike,Ford,0.21243221893372463,0.32853317937793114,0.30979417576179313,0.638
646240,Rafael,Devers,0.28009858077653627,0.48043193258170186,0.3472279111481173,0.828
647304,Josh,Naylor,0.2645315672141633,0.42896904218820225,0.3234225193354142,0.752
647351,Abraham,Toro,0.23224727278175192,0.38713675928390195,0.28351849664403533,0.671
649557,Aledmys,Diaz,0.2649997040580611,0.41044872953674266,0.30849859587451234,0.719
649966,Luis,Urias,0.24301327783227641,0.4238814766113038,0.3351292417108192,0.759
650331,Lewin,Diaz,0.17063910858585857,0.2824313316373169,0.23541989622142567,0.518
650333,Luis,Arraez,0.2995599473713525,0.4221232167615348,0.3558270110722207,0.778
650391,Eloy,Jimenez,0.2636209883026076,0.48667002096797496,0.32955700492568385,0.816
650402,Gleyber,Torres,0.24849547040783584,0.45530990088634476,0.29631212944284663,0.752
650489,Willi,Castro,0.2609547661981361,0.36023132873464314,0.31818738164410126,0.678
650490,Yandy,Diaz,0.2784843619915889,0.4127773086948482,0.39453508064158077,0.807
650559,Bryan,DeLaCruz,0.2971892022626854,0.5053265377721862,0.3390163056043854,0.844
650859,Luis,Rengifo,0.2532792614292844,0.4126918795619939,0.2863569435687531,0.699
656180,Riley,Adams,0.21152385835499046,0.35551523160868653,0.2674009029157547,0.623
656185,Greg,Allen,0.17424635302116187,0.24063141752691752,0.24779498063537767,0.488
656305,Matt,Chapman,0.23240109530225148,0.4514799401072304,0.3295169415829129,0.781
656308,Michael,Chavis,0.2316053459728056,0.36469300671192295,0.2534110216479856,0.618
656413,Stuart,Fairchild,0.20741948654952355,0.36012874295972014,0.3150055633991497,0.675
656541,Sam,Hilliard,0.21455201288279468,0.37592182627145215,0.3100355831981951,0.686
656555,Rhys,Hoskins,0.24068727701230305,0.45379869006097023,0.336363233625722,0.79
656582,Connor,Joe,0.24736558684690096,0.36071049976096764,0.33860371431141545,0.699
656669,Jordan,Luplow,0.20154181276081157,0.36007894334449814,0.29961200512672087,0.66
656716,Zach,McKinstry,0.2395313072559739,0.36686956221159334,0.30655885830018814,0.673
656775,Cedric,MullinsII,0.23741995506683192,0.37125754423316154,0.29925971790951456,0.671
656811,Ryan,O'Hearn,0.2704342201521099,0.41717739668774506,0.31016443181409425,0.727
656896,Emmanuel,Rivera,0.24163781149605693,0.41787031308333344,0.30001741317122527,0.718
656941,Kyle,Schwarber,0.23930201320582636,0.5268366771561772,0.3411464227306922,0.868
656976,Pavin,Smith,0.21117215944684528,0.39274958924668446,0.29738340775293404,0.69
657041,Lane,Thomas,0.23653658582115095,0.40116313591240155,0.2950528798507213,0.696
657077,Alex,Verdugo,0.2829090891261231,0.4439186386938864,0.34158436240240236,0.786
657557,Paul,DeJong,0.185685658529551,0.343797684113544,0.26351915021725786,0.607
657656,Ramon,Laureano,0.22292599984998027,0.4046407167963587,0.29835955751913346,0.703
657709,Michael,Papierski,0.17816140217870366,0.24873546970483076,0.24601514554236606,0.495
657757,Gavin,Sheets,0.23379968001946566,0.38775615737584523,0.2810167803408815,0.669
658668,Edward,Olivares,0.28309783955858725,0.4161011901137496,0.33294103037515543,0.749
660162,Yoan,Moncada,0.22994700958603276,0.3943001451009904,0.28490416839186605,0.679
660271,Shohei,Ohtani,0.27564213015254535,0.5376880931195998,0.35472232223609035,0.892
660294,Yoshi,Tsutsugo,0.18497118171268012,0.2780151043010866,0.2746540107937719,0.553
660636,Diego,Castillo,0.2269453669821584,0.39050649173018626,0.27828350662565243,0.669
660644,Vidal,Brujan,0.1935549609793802,0.26224301769115804,0.25474800616540316,0.517
660650,Dermis,Garcia,0.17287761747428704,0.3536435146430366,0.2231306716135172,0.577
660670,Ronald,AcunaJr.,0.27451616693412473,0.48046909325157294,0.35908915975709704,0.84
660688,Keibert,Ruiz,0.28086672532894963,0.4119395540175998,0.33162230532116754,0.744
660707,Elehuris,Montero,0.22026083140710623,0.3522667489860001,0.2590606054289278,0.611
660757,Oscar,Gonzalez,0.278763336859561,0.41162566065632483,0.32193247732952246,0.734
660766,Juan,Yepez,0.21907558162777666,0.40771147470623775,0.25164141030215914,0.659
660821,Jesus,Sanchez,0.2307098337410295,0.384760330757879,0.3005590140150583,0.685
661388,William,Contreras,0.2510753706309155,0.496174203913625,0.32561892952433774,0.822
661531,Brian,Serven,0.22024303100952988,0.3146722209850888,0.2725241776798081,0.587
662139,Daulton,Varsho,0.22781912789973263,0.415082838534017,0.29160617523516186,0.707
663457,Lars,Nootbaar,0.24882532297174706,0.4110117502892458,0.3535229245912749,0.765
663527,Tyler,Nevin,0.217329154460101,0.3391847083948922,0.31163427194071375,0.651
663538,Nico,Hoerner,0.28107051406106437,0.3985481395993374,0.3203765682932888,0.719
663586,Austin,Riley,0.2773611351606091,0.5210110694192659,0.3526149880598205,0.874
663611,Nick,Madrigal,0.26632389006800794,0.3111410180895345,0.3285897447884553,0.64
663616,Trevor,Larnach,0.22721729900248672,0.4242932221757779,0.30621257557345005,0.731
663624,Ryan,Mountcastle,0.27912452333416077,0.5142946826034893,0.33653326573286746,0.851
663630,Ryan,McKenna,0.20594451748608,0.35282250310711605,0.274540178944497,0.627
663647,Ke'Bryan,Hayes,0.25541428866947413,0.3659899865499438,0.3254825397215392,0.691
663656,Kyle,Tucker,0.26246354038251857,0.5149270390876642,0.33923912403781925,0.854
663697,Jonathan,India,0.24886098997878062,0.37435535879735937,0.324609393456489,0.699
663698,Joey,Bart,0.2142309506575306,0.36851868032251245,0.29911928268051324,0.668
663728,Cal,Raleigh,0.21898554954130464,0.4735907900796239,0.2893113281965911,0.763
663743,Nick,Fortes,0.24905668791455907,0.4078046568640073,0.3235374542144798,0.731
663757,Trent,Grisham,0.21194176283980187,0.3629892058579322,0.30832970029429135,0.671
663837,Matt,Vierling,0.27617780192829644,0.3939764131205489,0.3262672788834449,0.72
663845,Alfonso,RivasIII,0.22839908117050156,0.3260953426996981,0.31777514546434793,0.644
663853,Romy,Gonzalez,0.21451509422173984,0.3402814828280079,0.24881786115484109,0.589
663886,Tyler,Stephenson,0.259829461435935,0.3941551482464238,0.3275764152809589,0.722
663897,Luke,Williams,0.184110367754361,0.27737471791933554,0.2522313119315326,0.53
663898,Brendan,Rodgers,0.2742667349960612,0.4061452765450185,0.3386816266542478,0.745
663993,Nathaniel,Lowe,0.2810073887049121,0.48896746064745483,0.3413863273878271,0.83
664023,Ian,Happ,0.24862096811158213,0.4155355284135391,0.322263157107831,0.738
664034,Ty,France,0.2733151994321646,0.41878013625416044,0.3374945186075496,0.756
664040,Brandon,Lowe,0.242170619166825,0.4082086080314787,0.32373393418721796,0.732
664056,Harrison,Bader,0.23833543057782308,0.3566210215678117,0.28649568551383253,0.643
664058,David,Fletcher,0.29057054667554666,0.3540830750670967,0.3079623206385261,0.662
664059,Sam,Haggerty,0.23585765048075769,0.35018245858445113,0.31268730732115463,0.663
664238,Dylan,Moore,0.20243995883902913,0.371711984371213,0.34414558426775005,0.716
664247,Kyle,Garlick,0.22272320370651194,0.4110588333189032,0.26869857878914455,0.68
664670,Alejo,Lopez,0.26136470760848096,0.33488720185172866,0.30547450222237876,0.64
664702,Myles,Straw,0.25618610485825427,0.3342210125707353,0.31366621178625614,0.648
664728,Kyle,Isbel,0.232103154669741,0.3498641989672975,0.28713981168931707,0.637
664731,P.J.,Higgins,0.2260204679286543,0.3148006706235053,0.2916511331089706,0.606
664761,Alec,Bohm,0.2868818434966019,0.4405204612266553,0.3401573447373327,0.781
664774,LaMonte,WadeJr.,0.2101723107630604,0.43274221622589687,0.32051710946224865,0.753
664874,Seby,Zavala,0.20697741021097302,0.3448870611645629,0.2973147477483127,0.642
664901,Danny,Mendick,0.22827140951310262,0.33881258905615286,0.28974470199715197,0.629
664913,Seth,Brown,0.25339773459848175,0.4582122231483552,0.3222444275435511,0.78
664983,Jake,McCarthy,0.2570319165809561,0.3843645898193058,0.31677710631037986,0.701
665019,Kody,Clemens,0.1935563800056152,0.3652711159607792,0.23382283986193553,0.599
665120,Jared,Walsh,0.23365166398307932,0.3979904606527155,0.2852375404234083,0.683
665161,Jeremy,Pena,0.24552111969471896,0.4095861403858209,0.2856787160083416,0.695
665482,Gilberto,Celestino,0.22959519918507795,0.31266887399381665,0.2984616441799441,0.611
665489,Vladimir,GuerreroJr.,0.28028771777489614,0.48802346935894375,0.34760273628975263,0.836
665506,Cristian,Pache,0.23411664609097133,0.31580191806003155,0.2817161434074444,0.598
665742,Juan,Soto,0.26936061181087106,0.508974305149797,0.40988920977633486,0.919
665750,Leody,Taveras,0.23802964358365744,0.35989817126236295,0.2827544740948136,0.643
665828,Oswaldo,Cabrera,0.21781886711089882,0.37840789144595866,0.2899739199248391,0.668
665833,Oneil,Cruz,0.22720215400528188,0.4077784855316083,0.2903757928146699,0.698
665862,Jazz,ChisholmJr.,0.2470188235645355,0.459358170621365,0.31506296364376846,0.774
665926,Andres,Gimenez,0.2626788541702993,0.4146527707993102,0.34098364410161985,0.756
666135,Alex,Kirilloff,0.22755049846963746,0.3868205992052144,0.271535797049696,0.658
666139,Josh,Lowe,0.21762817994912795,0.3555780397903672,0.2788507322625474,0.634
666158,Gavin,Lux,0.25643040840624126,0.3868547176436634,0.3280919749230445,0.715
666160,Mickey,Moniak,0.15538725770548678,0.26053415646036965,0.21913171875346873,0.48
666176,Jo,Adell,0.20673243996062063,0.34839699383432754,0.24567038270638886,0.594
666179,Seth,Beer,0.22653947743700326,0.33704933645180435,0.304611290367171,0.642
666182,Bo,Bichette,0.27846264251431274,0.4530557292508525,0.3218622600558273,0.775
666185,Dylan,Carlson,0.24711388211367877,0.3805558654204945,0.3226985944541467,0.703
666211,Taylor,Trammell,0.1989985254118341,0.3737306649903814,0.29563170243128606,0.669
666624,Christopher,Morel,0.2378993478190614,0.4422202533751011,0.3120039688422599,0.754
666801,Rodolfo,Castro,0.21214902600660868,0.369407391716686,0.27889270307937214,0.648
666915,Bobby,Dalbec,0.21906508752921589,0.3685752642024711,0.29295689866792773,0.662
666969,Adolis,Garcia,0.2456024758319531,0.4610316576649734,0.2972785933136262,0.758
666971,Lourdes,GurrielJr.,0.2756294960270281,0.3981765346668054,0.3314977100875389,0.73
668227,Randy,Arozarena,0.24325678626492167,0.4178913504446108,0.3088210488295775,0.727
668472,Nick,Pratto,0.171599859859353,0.3367202019068347,0.25866622285510327,0.595
668709,JJ,Bleday,0.19722915892526807,0.3329310897570835,0.29753984314334425,0.63
668715,Spencer,Steer,0.20127166530984308,0.3161474326420578,0.3036227126963695,0.62
668731,Akil,Baddoo,0.18427688319334615,0.27535765998543943,0.275429389164402,0.551
668751,Cal,Mitchell,0.23893475687428756,0.3848175617242531,0.29555973403901986,0.68
668800,Andrew,Knizner,0.2185579833687558,0.3268160038929324,0.30702570826118686,0.634
668804,Bryan,Reynolds,0.24985042328716822,0.4146940116530588,0.3388849782403112,0.754
668939,Adley,Rutschman,0.24763733225372714,0.42421535046718134,0.3544811863497015,0.779
668942,Josh,Rojas,0.25083335430699044,0.3989860446749169,0.3310742412544229,0.73
669004,MJ,MelendezJr.,0.2405267554281153,0.4105089129858456,0.330592492711913,0.741
669016,Brandon,Marsh,0.2357394597528775,0.3883924317611963,0.2806251225199097,0.669
669087,Sam,Huff,0.22767230378458347,0.3587009853506546,0.29281154404350374,0.652
669127,Shea,Langeliers,0.2040167461164845,0.3605426291598097,0.2418536647380827,0.602
669221,Sean,Murphy,0.25985777339658367,0.43973697941603196,0.3386342139681038,0.778
669222,Nick,Senzel,0.25668417852991654,0.3726077115510053,0.3185415494762921,0.691
669242,Tommy,Edman,0.2707294395777128,0.40544440970943596,0.3239582747133386,0.729
669257,Will,Smith,0.2553726848285804,0.48544332008049756,0.33872714236872237,0.824
669261,Jack,Suwinski,0.2013910078359765,0.39160763345947985,0.2952764831680931,0.687
669289,Santiago,Espinal,0.2616415712570362,0.3643100728246047,0.31922445814948064,0.684
669304,Jose,Miranda,0.25567796855029495,0.4074595184214014,0.31385330589422306,0.721
669352,Bubba,Thompson,0.17853883544641636,0.2637453939712677,0.23631126679937697,0.5
669357,Nolan,Gorman,0.2444098903278354,0.4797942078655824,0.31696574983793835,0.797
669374,Keston,Hiura,0.211622182199005,0.4258065767288091,0.29637210770719286,0.722
669394,Jake,Burger,0.22163916943922196,0.45990689684870856,0.2691407059611102,0.729
669397,Nick,Allen,0.21898509078395798,0.2801220054834227,0.25766134069606866,0.538
669450,Cooper,Hummel,0.20553683496853317,0.3420124641070088,0.3101776333841916,0.652
669701,JoshH.,Smith,0.22887380640546579,0.318530383669547,0.33965017164210637,0.658
669720,Austin,Hays,0.2482969100569354,0.407270205897457,0.300879115592053,0.708
669742,Darick,Hall,0.2263948000266577,0.4814956309631922,0.2627455940494403,0.744
669743,Alex,Call,0.21109631648429553,0.3238339648700972,0.3141914031104599,0.638
669911,Michael,Toglia,0.2188074699552498,0.33776843153100855,0.28547892515956014,0.623
670032,Nicky,Lopez,0.2665543869072105,0.34595119855144846,0.3016661270825686,0.648
670541,Yordan,Alvarez,0.3258052323885263,0.6311104151910183,0.43166165037740045,1.063
670623,Isaac,Paredes,0.21171672019391774,0.3743800141470246,0.30551756716304834,0.68
670712,Mike,Brosseau,0.21702271489856068,0.385395191987418,0.30597599798085884,0.691
670764,Taylor,Walls,0.20215589903642114,0.3335204213570814,0.2969529774088426,0.63
670768,Luis,Gonzalez,0.22934892432550505,0.3380712453908564,0.2946264342933715,0.633
670770,TJ,FriedlJr.,0.22074078792448668,0.36433836164012834,0.29640644956155165,0.661
671221,Drew,Waters,0.18067451893445394,0.3511370787518512,0.2712585369569801,0.622
671277,Luis,Garcia,0.2737944950043833,0.40881066376109837,0.28529406329750967,0.694
671739,Michael,HarrisII,0.2748683206651044,0.46994542188670174,0.3290856207967893,0.799
672284,Jarred,Kelenic,0.17107384830052133,0.36145670419624665,0.2509046007669233,0.612
672386,Alejandro,Kirk,0.27306722743534906,0.4153151198764096,0.35928109795961155,0.775
672695,Geraldo,Perdomo,0.2295932269956408,0.3182182206335807,0.309645526863883,0.628
672779,Tucupita,Marcano,0.18994406238614336,0.27390779264204146,0.24119034566495587,0.515
673357,Luis,RobertJr.,0.2747655084888266,0.4490711357876833,0.3080563795896137,0.757
673490,Ha-Seong,Kim,0.25314772806898456,0.40534566749481177,0.3264356440455948,0.732
673548,Seiya,Suzuki,0.2517149207708277,0.4122869488067121,0.3209988029044814,0.733
673962,Josh,Jung,0.21817611827640815,0.37382855442356067,0.252970836985383,0.627
675656,Kevin,Smith,0.19416350238328062,0.3473320759765021,0.23163857147917447,0.579
676369,Nelson,Velazquez,0.20875855030068866,0.39335238663071437,0.29019355082195936,0.684
676391,Ernie,Clement,0.2328973529890358,0.35046450405485047,0.2878339934747546,0.638
676480,Jose,Barrero,0.15719191966693433,0.2581990582954626,0.22785200990186275,0.486
676632,Bligh,Madris,0.22068957121217803,0.32914801504519636,0.27675968923637023,0.606
676694,Jake,Meyers,0.2207899153447859,0.3076704491056114,0.25067165982628486,0.558
676701,Alan,Trejo,0.2423076470269183,0.3939218821454369,0.2828369314415838,0.677
676801,Chas,McCormick,0.2310455508103264,0.40898737390461337,0.32147466119483986,0.73
677551,Wander,Franco,0.30149166695938556,0.42061909963515165,0.339114874677802,0.76
677594,Julio,Rodriguez,0.25938432284676266,0.4563038942940086,0.3177215115455143,0.774
677649,Ezequiel,Duran,0.2248928440359099,0.34469217165854155,0.25411994039457275,0.599
677950,Alek,Thomas,0.25083985966698724,0.3532760405515598,0.2894123108661756,0.643
677951,Bobby,WittJr.,0.2513650447713729,0.45317906966966304,0.2930413620058647,0.746
679529,Spencer,Torkelson,0.22998972112362379,0.389639809039169,0.3016030315542183,0.691
679631,Terrin,Vavra,0.264259086085932,0.3533906270700969,0.3466773629984995,0.7
680700,Richie,Palacios,0.25808511459443506,0.31411300824330707,0.30823054403624023,0.622
680757,Steven,Kwan,0.2806313160701706,0.3730083030450258,0.35818734617300374,0.731
680776,Jarren,Duran,0.2284849311360295,0.35532814975044225,0.2785506819702941,0.634
680777,Ryan,Jeffers,0.21008219569098593,0.42903210743971065,0.2958008405085934,0.725
680814,Peyton,Burdick,0.19865949984276232,0.3682754801546978,0.28313896895874197,0.651
680911,Owen,Miller,0.25509494772511443,0.36260547224829964,0.31336576331389443,0.676
680977,Brendan,Donovan,0.27802530240691303,0.3931253201408687,0.3949302175879678,0.788
681082,Bryson,Stott,0.24183696343685113,0.3546406628831016,0.29699209389210657,0.652
681146,Jonah,Bride,0.22109250407574874,0.3165743805001828,0.3103611673261627,0.627
681481,Kerry,Carpenter,0.20312044949038036,0.3761881818906443,0.2744148388262168,0.651
681584,David,Villar,0.1939714382626317,0.344164938775114,0.29784052516326814,0.642
681987,Nate,Eaton,0.23026422411269246,0.36170721297252173,0.3066879188784325,0.668
682928,CJ,Abrams,0.2550324634164857,0.3453310275410197,0.2836011181710447,0.629
682985,Riley,Greene,0.25492294590788783,0.37565140434667393,0.32640974136347917,0.702
682998,Corbin,Carroll,0.21167954907493186,0.36726478941057733,0.28890711963640525,0.656
683002,Gunnar,Henderson,0.23782623930306712,0.41338457497774683,0.3195269015808923,0.733
683734,Andrew,Vaughn,0.25672285756839197,0.41053603824247525,0.31697586907656344,0.728
686469,Vinnie,Pasquantino,0.28502108564753964,0.4996098719558488,0.3752944679227129,0.875
686681,Michael,Massey,0.24651496794175562,0.4612154992825268,0.31269746793892544,0.774
687093,Vaughn,Grissom,0.2600175481620115,0.3986173186528169,0.33321276973477665,0.732