player_id,first_name,last_name,ERA,BAA,WOBA
425794,Adam,Wainwright,4.556221651310136,0.2757832353498994,0.32468639726180165
425844,Zack,Greinke,4.528877875303031,0.2791713408420506,0.3311741916224094
434378,Justin,Verlander,2.5257407596517822,0.2000057564798772,0.24996507314944277
434671,Anibal,Sanchez,5.674465221188218,0.2579573844674373,0.34464814678620187
445276,Kenley,Jansen,2.485077228598351,0.1755604466676684,0.23858241001917477
445926,Jesse,Chavez,4.6002145827149485,0.2709453540922812,0.31979257579010517
446321,Ross,Detwiler,4.913840131285624,0.2851320099327477,0.3528379320078711
446372,Corey,Kluber,4.110334039893766,0.26210931282834343,0.30786157028603883
448179,Rich,Hill,4.138174849338796,0.24478625315345556,0.31008705376029383
450203,Charlie,Morton,3.963280749267077,0.2286602267054405,0.31402365833142754
453178,Ian,Kennedy,7.0973678335769925,0.29938586671799544,0.3940242789308644
453268,Daniel,Bard,2.708275485505195,0.18600630544451685,0.24994296463186802
453286,Max,Scherzer,3.0679681949791364,0.20492479852428708,0.2603231715003149
453343,Mark,Melancon,4.810621934001463,0.2838475918901178,0.3434235348185946
455119,Chris,Martin,2.421016754480813,0.2070862083854059,0.2476503617836412
456034,David,Price,3.3893850089206614,0.2486679987599523,0.29266477123225715
456501,Johnny,Cueto,3.91168633392822,0.26315139249329667,0.30923016569807876
456713,Matt,Bush,2.573437209328253,0.194431482944396,0.24970618464364155
458681,Lance,Lynn,3.7724506618195246,0.24309942312888658,0.295555627940222
459429,Jake,McGee,5.904354441410844,0.26437895544313417,0.3589491927109303
468504,Jhoulys,Chacin,4.681633959042683,0.26312483304024786,0.3325318379243826
471911,Carlos,Carrasco,4.029421074206608,0.25233987117284806,0.31169712274938877
472610,Luis,Garcia,2.8587370256006914,0.2367985934574909,0.26626045210374494
475479,David,Phelps,4.492783848675276,0.24147701613790068,0.3213738340873256
476595,Lucas,Luetge,3.8957901066897445,0.2515345436281413,0.3020145614314766
477132,Clayton,Kershaw,2.526580050003932,0.22097549567549035,0.2478489786346265
489119,Wade,Miley,3.591602732553704,0.2466476681850552,0.3064524959604288
489334,Craig,Stammen,3.5656059189792404,0.26275391477102095,0.30468076302465724
493603,Adam,Ottavino,2.207195287162043,0.1909581201908332,0.23448680983069217
500779,Jose,Quintana,3.750035114772316,0.25410732966469624,0.3084556411010231
501381,Michael,Pineda,6.0345077992320295,0.29807550453460707,0.36651794358786943
501925,Joe,Smith,5.70536569174422,0.2791143215001461,0.35172327186517116
501985,Mike,Minor,4.672299643370299,0.2570352936709512,0.33361622963700605
502042,Chris,Archer,5.156249642199904,0.26347248927475014,0.33911086164254883
502043,Kyle,Gibson,4.2973002905606705,0.2591673185909358,0.32062207247805885
502085,David,Robertson,3.2223523232465925,0.18739600313070923,0.2763515005952868
502171,Alex,Cobb,3.7477002511969655,0.2361882372647592,0.287574458828995
502179,Paolo,Espino,5.542950661541366,0.27304350298596797,0.35105782930301443
502202,Brad,Boxberger,3.9363778365187407,0.2180057605394331,0.30283712984375966
502624,Chase,Anderson,3.631731736526194,0.1996811287503474,0.29702200995014444
503449,Wily,Peralta,4.306110600144478,0.24041872825940327,0.31678567185566064
506433,Yu,Darvish,4.0559607094586365,0.23465015719779891,0.29780489881667555
517008,Alex,Colome,6.138175213788708,0.301097013260752,0.3639455221794466
518489,Ryan,Brasier,4.072735138655549,0.24876942874082603,0.3088405237607818
518516,Madison,Bumgarner,5.692482769385577,0.2802560326065161,0.3557568915265974
518553,Steve,Cishek,4.7369872758196605,0.24041367238323003,0.3364923850175207
518617,Jake,Diekman,4.546573433562564,0.22165308931543332,0.3198873383877942
518876,Merrill,Kelly,3.7762711562842832,0.22903337180739658,0.29400756677963996
518886,Craig,Kimbrel,4.003303361548003,0.20590884076303856,0.2972859409560207
519008,T.J.,McFarland,5.854243750382558,0.30834345606339614,0.36533265598031583
519043,Matt,Moore,3.0196522874535017,0.18812163754200006,0.2700512925127071
519151,Ryan,Pressly,2.3792115760247183,0.19903631937447608,0.24719003184506114
519293,Will,Smith,3.96012219928769,0.2344194407959151,0.30010841678918393
519326,Hunter,Strickland,5.386854269322578,0.26157547785383484,0.3511282672976644
521230,Liam,Hendriks,2.5533023418976932,0.18689219676923335,0.24886300843096543
523260,Joe,Kelly,2.881060849126306,0.19352642520341978,0.2777156552125949
527048,Martin,Perez,3.531795723642714,0.24579704949729975,0.2912751221576628
528748,Humberto,Castellanos,4.874999975720241,0.2768286127805661,0.3491742797251953
541640,Erasmo,Ramirez,3.759231771325834,0.25310229529025086,0.29512003735532716
542585,Jose,Cisnero,4.094996039220701,0.21999752114033685,0.3100386175811396
542881,Tyler,Anderson,3.2134736327261932,0.2311073694063248,0.2807590618967937
542888,Shawn,Armstrong,3.224631797481058,0.23006642712141612,0.27853485458509525
542914,Anthony,Bass,3.2158467075366555,0.23144234667845212,0.2721581135721698
542947,Richard,Bleier,3.38202039893595,0.28154931405225936,0.29326866654760964
543037,Gerrit,Cole,3.24059979188037,0.2083272268655857,0.28367739734639186
543135,Nathan,Eovaldi,4.492700227036036,0.26722310968043655,0.31792087128914676
543243,Sonny,Gray,3.7871348064598123,0.24964414499024495,0.29893104515115954
543272,Brad,Hand,4.616026109213675,0.24370024786350433,0.3175270228643414
543294,Kyle,Hendricks,4.902621270019744,0.28167115287444955,0.34135430057111243
543475,Jordan,Lyles,4.793463656112793,0.2726149923223311,0.3345026378322671
543507,Trevor,May,3.7895288928812754,0.22318580100352484,0.2988339259999465
543521,Collin,McHugh,3.2455992425616405,0.2354513543303609,0.2730897824649284
543606,Jake,Odorizzi,4.265926360710163,0.2594222188214261,0.3178331520855626
543766,Bryan,Shaw,5.046123165526689,0.2676945227909808,0.3358882073418858
544365,Manny,Banuelos,3.6192618614451426,0.2233621998233171,0.29677107300980443
544727,Jeurys,Familia,4.830228997080669,0.2837836270233142,0.3382514444444153
545343,Louis,Head,6.078033419509945,0.2588034282587442,0.34811341331009854
547001,Cody,Poteet,5.273419069998317,0.27771779669884855,0.340513491891087
547179,Michael,Lorenzen,3.907692195730271,0.24136182057949934,0.30997689800967876
547943,Hyun Jin,Ryu,5.013574003346344,0.2902952233397935,0.34166903653529446
547973,Aroldis,Chapman,5.091061056513852,0.22262554530291548,0.32518531407272
548384,Brooks,Raley,3.1812267466204203,0.21763507940988305,0.2777812006206805
548389,Ross,Stripling,3.729030543122667,0.249014260355992,0.28874318314783376
554340,Yimi,Garcia,3.076148007391644,0.21335462927668916,0.27246710634238014
554430,Zack,Wheeler,3.1125012675338115,0.22474022147773445,0.275839212211112
554431,Tyler,Matzek,5.2783178849398675,0.22180090676842532,0.33161761239058357
570257,Joely,Rodriguez,3.465457718686576,0.21777099666028324,0.2915829593639503
570632,Jose,Urena,4.86171969169886,0.28055622234917504,0.3407945785736706
570663,Hansel,Robles,6.581925680188323,0.2771991869387394,0.38250572110534803
570666,Luis,Cessa,4.366107196409853,0.25365826362561533,0.3203167671422439
571479,Andrew,Bellatti,4.0920181217276514,0.2193696320198094,0.3047178771392257
571578,Patrick,Corbin,5.881522452096634,0.3032725042890489,0.36916242787831843
571656,Buck,Farmer,3.9741913362095107,0.2188478668498524,0.3023438324288549
571670,Dylan,Floro,3.2500140656372514,0.2408169974514027,0.2767030917684835
571710,Mychal,Givens,3.797649037508697,0.22755576295724297,0.29656064243472074
571760,Andrew,Heaney,3.637198121404524,0.19810910270591772,0.28730227338669406
571800,Drew,Hutchison,5.435834388185129,0.28181577011165965,0.3550367148417214
571901,Aaron,Loup,4.254472348166,0.2547187677559096,0.3185967399846164
571927,Steven,Matz,3.993033889389811,0.2546358311553159,0.30438714303231196
571945,Miles,Mikolas,3.907314779698828,0.25189325598159584,0.30563484164146637
571948,Hoby,Milner,3.307256124411922,0.2434852234522912,0.2903177759524469
572070,Garrett,Richards,4.151117625565093,0.2630264104390889,0.3215348805137382
572193,Ryan,Tepera,3.332423538030099,0.21766917771398928,0.287666495600807
572403,Drew,VerHagen,6.156845665813202,0.2923830819362804,0.37645773929485316
572971,Dallas,Keuchel,5.188177393333911,0.2992227033975134,0.3626008472472939
573009,Joe,Mantiply,3.056256810272026,0.24611030439942622,0.28522740056338536
573124,Taylor,Rogers,4.02705294022898,0.23900367947092888,0.3130301132229974
573186,Marcus,Stroman,3.9070099831002403,0.2557030509315042,0.30377668709987965
573204,Caleb,Thielbar,2.836248038032228,0.20058752905188468,0.2589365989658489
579328,Yusei,Kikuchi,5.53038628186988,0.2343795496235928,0.3577701411712112
592094,Jason,Adam,1.9322195227648178,0.16393794610536525,0.22556951477590187
592332,Kevin,Gausman,3.475824225565233,0.2443732414230663,0.28698970567751564
592351,Jon,Gray,3.772905849350027,0.23010507949203698,0.2958645831039783
592390,Heath,Hembree,7.393534689052644,0.29358668015988143,0.3887456559153268
592662,Robbie,Ray,3.9238521814515366,0.22786297187548674,0.30066121834158094
592716,Adrian,Sampson,4.66927659431441,0.26950830284140515,0.32833317070180157
592717,Aaron,Sanchez,4.634982118656385,0.27359101411423337,0.3305542453630376
592741,Chasen,Shreve,4.9792916423999465,0.2626671854291116,0.33356244498575144
592761,Caleb,Smith,4.26590356209799,0.21857131911929972,0.3171576093217328
592767,Drew,Smyly,3.9659629507982266,0.24962755317319085,0.31042221271684073
592773,Ryne,Stanek,3.168961354979709,0.20177901093287043,0.2850268253639988
592789,Noah,Syndergaard,4.682632356909539,0.2614546343674462,0.31813918789867573
592791,Jameson,Taillon,4.13459705292134,0.2555078815405542,0.3113547467242764
592826,Vince,Velasquez,5.857099622405392,0.22940221692755508,0.3512258277765225
592836,Taijuan,Walker,3.942603830784691,0.2453328464928617,0.31173459694424094
592858,Rowan,Wick,5.141543276872277,0.2763432055268368,0.3572473863937774
592866,Trevor,Williams,3.728218999612652,0.2374992130348754,0.2998850121788707
593334,Domingo,German,3.8959676642658945,0.24168665180804141,0.29985137266656153
593423,Frankie,Montas,3.9275610622947146,0.24644867143231872,0.3095514191295069
593576,Hector,Neris,3.3457785603706567,0.2137535254400708,0.28586652354155156
593958,Eduardo,Rodriguez,4.24997371331686,0.25301624511957577,0.32033774074423055
593974,Wandy,Peralta,2.3810401802903334,0.23079258357416674,0.2536492617447912
594311,Jandel,Gustave,4.085582202272693,0.22662475167074064,0.3075285553652979
594577,Mike,Mayers,5.597326153637568,0.27239049858771885,0.3494553221880988
594580,Sam,Moll,3.199022436557879,0.2094009363220443,0.2727030262239244
594798,Jacob,deGrom,2.5176768000987666,0.19002666372889,0.2349566299358536
594835,Marco,Gonzales,4.593827531906276,0.2759117266932178,0.32452172260192486
595345,Steven,Okert,3.2059857023388827,0.19684773314730009,0.2859638254305167
595881,Tyler,Beede,4.749162243614898,0.2852780981169996,0.3468292896962577
596001,Jakob,Junis,4.127932618227166,0.2645126985871299,0.3138404686646175
596057,Daniel,Norris,4.545402550741363,0.22873001636878804,0.3252820063168202
596071,Dillon,Peters,4.400054410501945,0.25137688097989974,0.3259284820398818
596112,Robert,Stephenson,5.806219657919557,0.27480296831446155,0.35409641648900025
596133,Luke,Weaver,5.287433074635991,0.2953456214772907,0.35107308199699333
596295,Austin,Gomber,4.710858853424084,0.2753946047045597,0.33363905177804887
598264,Matt,Barnes,5.031172813517329,0.22104998162863307,0.32633960063539474
598287,Noe,Ramirez,4.396501654567879,0.22450706179393978,0.32054270089770215
600917,Jose,Leclerc,3.581260991835176,0.19783881470752163,0.2878210140636562
600921,Andres,Machado,5.228463156399115,0.27652041808784156,0.3470349750941508
601713,Nick,Pivetta,4.769381183944642,0.24991021993378426,0.3329049571731616
605130,Scott,Barlow,2.931277396379981,0.20368855822851198,0.2637889814592483
605135,Chris,Bassitt,3.695342822312097,0.22917270396148182,0.2941004479106086
605154,John,Brebbia,3.902398297988521,0.24494837417058396,0.3002374766388838
605164,Dylan,Bundy,4.56899113362259,0.2614610080663717,0.3204955719542285
605177,Andrew,Chafin,3.138520826630403,0.20617167050714702,0.26644699494168256
605182,Mike,Clevinger,5.3394629880417,0.2560976342060988,0.3456583760168895
605194,Jharel,Cotton,4.124489674718177,0.2267579303567333,0.3080152719739656
605200,Zach,Davies,4.482799433590111,0.2547782084541148,0.33377764126688597
605218,Carl,Edwards Jr.,3.1680281315401975,0.21451678682667374,0.27651075901982525
605242,Michael,Fulmer,3.9470054308404925,0.24409640746523464,0.30497573171926917
605280,Clay,Holmes,2.2341916344277393,0.18600734492629012,0.24102046153708692
605288,Adrian,Houser,4.678304861811522,0.2832208145975702,0.3390957029656736
605347,Jorge,Lopez,3.581964080194372,0.2217074413964813,0.2895738788167824
605397,Joe,Musgrove,3.255827382181359,0.22766987809777656,0.27811546843647156
605400,Aaron,Nola,2.509431896444439,0.20946804875304956,0.2540631386746601
605447,Jordan,Romano,3.1863238813004107,0.22344921159492404,0.2828889195463781
605483,Blake,Snell,3.4078251090729914,0.20914944559861864,0.28978715226338897
605488,Jeffrey,Springs,3.2837443004266698,0.24349127607502086,0.27913622509462155
605507,Zach,Thompson,4.816512544892946,0.2845789816427782,0.3471947137505132
605521,Art,Warren,5.71714191752758,0.22723884390380505,0.3459937310302005
605525,J.B.,Wendelken,6.537464805125831,0.310539525115426,0.3861755247181944
605538,Matt,Wisler,3.4620287499832174,0.2095876610431193,0.2882040014842552
605540,Brandon,Woodruff,3.2343062170513077,0.2125890435531999,0.28550145955781414
606149,Giovanny,Gallegos,3.4379755467868387,0.19973581852590994,0.2636199891087584
606160,Rafael,Montero,2.4147749769727143,0.20219213966012056,0.2605162033060335
606303,Joel,Payamps,3.6812000082329956,0.23945963434912454,0.2994928882562031
606424,Jarlin,Garcia,4.479616018473249,0.24730745509909519,0.32135575787523885
606625,Reyes,Moronta,3.5078330181694835,0.19801119719696808,0.2897026573050341
607074,Carlos,Rodon,2.7318564708121613,0.2090593326205591,0.25574431554091975
607179,Jordan,Weems,3.8020196019166135,0.2319853972017837,0.2870249988840725
607200,Erick,Fedde,5.076132147709114,0.2861428319695068,0.36047808800447784
607216,Joey,Krehbiel,3.8751524660420733,0.24571923692476183,0.30940478999825144
607237,Amir,Garrett,4.224759869051171,0.19260542570117153,0.3044343459817469
607259,Nick,Martinez,3.808269722822639,0.24223477354190925,0.3013960278392847
607455,Anthony,Banda,5.025230260130323,0.29021750811451136,0.3450806987075106
607481,Aaron,Bummer,3.938016763014106,0.26235499942588075,0.3093141905248279
607536,Kyle,Freeland,5.0684525278651185,0.2757800674760186,0.3433420371359413
607625,Seth,Lugo,3.8540599651654457,0.2387213397121808,0.2969533533528166
608032,Carlos,Estevez,4.136370493052032,0.23793270625792876,0.3187861927274121
608328,Chase,De Jong,4.16457930924741,0.21847587744959768,0.3179585788484013
608331,Max,Fried,2.802914909215589,0.23079485240586792,0.26904576022906596
608337,Lucas,Giolito,4.335047440061948,0.24986130253470418,0.3243964361578332
608344,Cole,Irvin,4.62931042953898,0.26231765285167535,0.322359288374099
608349,Corey,Knebel,4.138084888750835,0.21821543924045958,0.3057936732304759
608379,Michael,Wacha,4.433569524618033,0.24925879570408804,0.3237927608968327
608566,German,Marquez,4.298885542885099,0.26210770910950354,0.3264940350953993
608648,Tyler,Duffey,5.188632440002777,0.29984174843001554,0.3593469157293833
608665,Kendall,Graveman,3.408644191935031,0.24454122477674425,0.29229157275886813
608678,Dominic,Leone,3.890116708442152,0.24559544932597924,0.30095917328296584
608717,Chris,Stratton,4.10506244745224,0.2632180392149048,0.31189197007688985
608718,Brent,Suter,3.66233349110835,0.24619919773022603,0.2970984516432393
608723,Austin,Voth,4.4939382103385475,0.26256277425078794,0.32508722071040574
612434,Miguel,Castro,4.980750710677072,0.25186127389412766,0.33892870375308015
614179,Jose,Ruiz,4.305207155478857,0.22722826455547757,0.31546402475757435
615698,Cal,Quantrill,4.3594241152215325,0.2549668105842955,0.31185822257772605
617228,Hirokazu,Sawamura,4.521410644466096,0.25536548452153407,0.317819349175806
621016,Jose,Cuas,4.011150514963373,0.2422726001890958,0.30209875766529304
621051,Steven,Wilson,3.2776719830816092,0.18889786783430756,0.26722485782136673
621074,Michael,Rucker,3.783933917616285,0.22421275599842233,0.2902033430198101
621076,James,Kaprielian,5.300056719264888,0.2572783628775833,0.3370112972115621
621107,Zach,Eflin,3.2867116717808846,0.22465690355178516,0.2779567420424161
621111,Walker,Buehler,4.182345957736462,0.25624312778015534,0.3089270156422088
621112,Paul,Blackburn,4.11642975349073,0.2555514880993297,0.3120770692612258
621121,Lance,McCullers Jr.,3.756982395914134,0.2297165054302505,0.29727738853673713
621237,Jose,Alvarado,2.5063209518758747,0.18208243781428454,0.24887622624525454
621242,Edwin,Diaz,1.6366445065718596,0.13886712075098104,0.19889599182761683
621244,Jose,Berrios,4.8120518860415045,0.27448010222868635,0.3385991377175284
621248,Ralph,Garza Jr.,5.924666072730262,0.30132680686967367,0.3713047420281022
621249,Duane,Underwood Jr.,3.694837738829272,0.2558728941295312,0.30256068327879987
621295,Nick,Wittgren,4.3659888404867715,0.2639137548757762,0.3103763366628965
621345,A.J.,Minter,2.291422402491765,0.18516836470090614,0.23981274500230298
621363,Colin,Poche,3.720806753730081,0.2179019667148877,0.3018083970824388
621366,Ryan,Borucki,6.095077319055227,0.28135541723535507,0.3651595734619697
621368,Taylor,Hearn,4.596365889119956,0.26846010374726537,0.33780789416825535
621381,Matt,Strahm,3.1723096182967283,0.19753356066274175,0.27957853579039044
621383,Tanner,Banks,4.064264658466136,0.25471547982173937,0.31277524655808514
621389,Ty,Blach,4.29551691702673,0.28224563728980145,0.3213525876611548
622065,Alex,Young,3.042685799073895,0.24821949796508125,0.2904091255751172
622072,Alex,Wood,3.9749230951939847,0.24875275488974993,0.3101994750266573
622075,Yency,Almonte,3.1465117883916496,0.21360481281973395,0.272531600858801
622098,Drew,Smith,4.098327164766232,0.22968666804816362,0.29715775369386105
622250,Josh,Sborz,5.779489156152672,0.2647027951761908,0.3450670582202314
622251,Josh,Staumont,6.1401698616824385,0.26791451101176167,0.35286658848708485
622253,Dillon,Tate,3.508436367018915,0.23489538477055788,0.284508004214276
622491,Luis,Castillo,3.2416217110100014,0.22969606211937474,0.28492871341580595
622503,Nabil,Crismatt,3.7282243573465195,0.24388882843058465,0.2948223811390682
622554,Seranthony,Dominguez,3.212683586719367,0.21326262808800575,0.2749214645405469
622608,Antonio,Senzatela,4.957582899423607,0.30061774758113186,0.3418703003267482
622663,Luis,Severino,2.885271067170226,0.1978241989660665,0.2618171014461161
622694,Elieser,Hernandez,5.566911070378276,0.2485735002623358,0.3549011154260812
623149,Paul,Sewald,2.6032616434599074,0.18858600202272385,0.25840242316328105
623167,Chris,Flexen,5.312835800276693,0.26002414919484906,0.33981271237942323
623211,Huascar,Brazoban,3.774895432682813,0.20548021405047792,0.3034627198492318
623352,Josh,Hader,3.9468294622911584,0.208947944674248,0.3056561669308314
623451,Jackson,Stephens,3.9851803089798734,0.2542281002238551,0.3120121100441923
623465,Evan,Phillips,2.156041525565938,0.1815251420108099,0.22547366144927486
623474,Jimmy,Herget,2.891832120811926,0.21284830728044488,0.26590225877022594
624133,Ranger,Suarez,3.707237908344121,0.2420830558973341,0.2930728974422346
624522,Keegan,Thompson,4.315591740012878,0.24213168492948223,0.3216500042068136
625643,Reynaldo,Lopez,2.9651887519066475,0.23509414210327048,0.264810739190591
628452,Raisel,Iglesias,3.467452672625316,0.21844744901394425,0.29424458130388015
628708,Yunior,Marte,3.711226861346466,0.23837617167181238,0.2986876235045509
628711,Julio,Urias,2.9340790890483732,0.20627503327478908,0.2695045966458952
640444,Wil,Crowe,3.97061743380626,0.25226165909660436,0.3100929314765902
640448,Kyle,Finnegan,3.2351508715851156,0.2299269695336371,0.28040831300942065
640451,Hunter,Harvey,2.6125796860931856,0.20753943520122753,0.2600645183071078
640455,Sean,Manaea,4.142451423880268,0.24719586885236405,0.3137384258190865
640462,A.J.,Puk,3.7173256848158265,0.22649789706427087,0.2954816518939314
641154,Pablo,Lopez,3.605993227917362,0.24270417527649601,0.2922618675748252
641302,Tyler,Alexander,5.737167043617464,0.28508022053125276,0.3624406905271437
641329,Bryan,Baker,3.4337017438408823,0.23502883620982118,0.28924185799549285
641360,Phil,Bickford,4.031042921957119,0.21650523386645695,0.30025973463370137
641401,Connor,Brogdon,3.3310303041666383,0.23756832437668124,0.2805138579163214
641447,Daniel,Castano,4.575017590119533,0.27761606553483104,0.32975162542324976
641482,Nestor,Cortes Jr.,2.891432684895037,0.200496924567831,0.2567292977331378
641501,Tyler,Danish,6.17254713711027,0.29952175662368263,0.3677521867207069
641540,Dane,Dunning,4.4766642131862335,0.2475775579854671,0.33088194138974186
641582,Matt,Foster,4.430091424700433,0.2585588762115081,0.3170521607612727
641627,Trevor,Gott,3.0427939103473767,0.20500277334658923,0.2660018190664861
641712,Dakota,Hudson,5.243792506272857,0.2918127584898425,0.3498407023097558
641726,Daulton,Jefferies,3.5899597654613915,0.2500726854493798,0.28904446783665544
641729,Joe,Jimenez,3.032517899614938,0.21812647910885022,0.2645295482950631
641745,Brad,Keller,4.363025792057349,0.2668554243605778,0.318228094605868
641755,Tyler,Kinley,2.7525694673609378,0.21628357882947263,0.26292597511185944
641771,Chad,Kuhl,5.330762474186287,0.28227909525172623,0.34357616126002016
641778,Eric,Lauer,4.139039063827135,0.24827421546723724,0.3178406691053816
641793,Zack,Littell,3.827979232345145,0.22479508727903066,0.292589770777599
641816,Tyler,Mahle,4.150949348011958,0.2216574687282921,0.3046029002171785
641835,Tim,Mayza,3.908483055317892,0.256397032435647,0.3112725651104095
641927,Bailey,Ober,5.635128970010329,0.2698519961724489,0.3419867174426312
641941,Emilio,Pagan,4.16716102006096,0.22825182756969883,0.31851489288220186
642028,Josh,Rogers,5.690213603172695,0.25406973317906756,0.354460051138944
642121,Cole,Sulser,4.7054935493845615,0.2649554055675553,0.34176488008658673
642152,Lou,Trivino,4.283659113917903,0.2533816493384422,0.31444935246991723
642207,Devin,Williams,1.8746309557440326,0.14060628315230525,0.22368426607443986
642232,Ryan,Yarbrough,4.3036807677051945,0.2509186146839555,0.31506553221345124
642397,Gregory,Soto,4.16176113340178,0.22514762014756617,0.3069128505178634
642528,Jonathan,Loaisiga,3.4868775979805684,0.2410476189606405,0.2909699323779582
642545,Jaime,Barria,4.376128279990873,0.24299376745299647,0.31198503182225656
642546,Jonathan,Hernandez,4.085414894492518,0.24713575198117876,0.3086481446700948
642547,Freddy,Peralta,2.605728634259915,0.19782571618208128,0.25986659305426796
642585,Felix,Bautista,2.5297078104322077,0.1809917766090935,0.2529567829826554
642701,Dennis,Santana,4.00954076267723,0.24665271439749759,0.3101609348266416
642758,Domingo,Acevedo,3.7936553304759486,0.24388961276362328,0.30142080968935625
643256,Adam,Cimber,3.596245942790146,0.251834669786868,0.30060448402694734
643290,Justin,Dunn,8.398070656890836,0.3015672183287559,0.4141344815560257
643377,Griffin,Jax,3.2298591765941116,0.22710040177131044,0.27763345245763527
643410,Mark,Leiter Jr.,4.13125917717969,0.24273604923721392,0.31227224707980655
643493,Austin,Pruitt,4.182959783119588,0.24038976304148324,0.30900545197711243
643511,Tyler,Rogers,3.585100297257059,0.24042509288839237,0.2872639870798762
644364,Victor,Arano,3.4483717194950505,0.24186369565310817,0.29094182191412843
645261,Sandy,Alcantara,2.92272388130662,0.22608686812768386,0.2645248669662022
647315,Zach,Pop,3.412059858304579,0.2529750366726248,0.28693998500180984
650556,Bryan,Abreu,2.9786451899682582,0.19764077099126645,0.2667587266238353
650633,Michael,King,2.7954165452017197,0.21183004521719756,0.26056357239822
650644,Aaron,Civale,3.7234800281715956,0.2454555684602963,0.2947647421535292
650671,Jose,Quijada,3.6523218903953465,0.18654399635326363,0.2768259393547567
650893,Genesis,Cabrera,4.81256257028307,0.2512187073637708,0.3256761788872021
650895,Diego,Castillo,3.166741358959326,0.20543979037048754,0.27046980759343153
650911,Cristopher,Sanchez,4.361912150073497,0.24445905418933722,0.31351594089617196
656061,Albert,Abreu,4.4117057352725535,0.243816628084786,0.32057674114694557
656222,Jalen,Beeks,3.7115600854589768,0.2286258682667052,0.29298599606748804
656234,Jake,Bird,5.574306409102364,0.2533294604143224,0.33759260658109314
656257,Jeff,Brigham,4.5353457044000365,0.2598544991302877,0.3231837438996171
656271,Brock,Burke,3.2058274292308333,0.2289469811250541,0.28923183217563797
656302,Dylan,Cease,2.695221021275699,0.18404453761769268,0.25690652962561183
656353,Tucker,Davidson,5.164380984602198,0.26194568041908806,0.3472821594118355
656354,Austin,Davis,5.296717056040692,0.24394404118078314,0.33689223850871275
656412,Alex,Faedo,5.676213048805766,0.2798343176393573,0.3623674950512784
656427,Jack,Flaherty,5.3544421596101985,0.24704476830819566,0.33888151707757175
656457,Tyler,Gilbert,6.423924407804528,0.2931779898673324,0.3839083244223784
656458,Lucas,Gilbreath,4.353648865128401,0.231212549737541,0.31132000225147316
656464,Kevin,Ginkel,3.062561673612168,0.22435318899588005,0.26748292146594893
656529,Sam,Hentges,3.138778894470231,0.2069412332041863,0.2650313192294213
656546,Jeff,Hoffman,4.627237022362463,0.22362511221864095,0.32289210274835256
656557,Tanner,Houck,3.9194754635575872,0.24787494722952377,0.3038718483198876
656605,Mitch,Keller,4.029351532363211,0.25255713110179595,0.3130063931597211
656629,Michael,Kopech,4.370835033761927,0.21535245147378299,0.32052494017047145
656638,Alex,Lange,3.273259884804764,0.205610492002153,0.28184510879188324
656657,Zach,Logue,6.03962365713296,0.2918330176323392,0.3735769038503647
656685,Brett,Martin,3.6048507700582713,0.2532778063887222,0.30094106364393963
656686,Corbin,Martin,7.106114586235265,0.31642455409010745,0.39435127178278373
656730,Trevor,Megill,4.854611272208894,0.27780080954588127,0.3360150480076859
656731,Tylor,Megill,4.393399495919719,0.2516124941892499,0.3176874359796231
656756,Jordan,Montgomery,3.956291560751607,0.25971023205070304,0.3101949713589218
656793,Nick,Nelson,4.0458163118417865,0.23046675531033992,0.3086381341141787
656794,Sean,Newcomb,6.244140048331105,0.27602824167250317,0.382043057454836
656818,Connor,Overton,3.382914207905583,0.24301944776445913,0.2885134886314663
656849,David,Peterson,4.152568136039464,0.23580598927617924,0.31322916895386305
656876,Drew,Rasmussen,3.691556772102333,0.24234639436011574,0.2912611969049502
656945,Tanner,Scott,4.103236315305741,0.21962388052498305,0.3105575108506697
656970,Devin,Smeltzer,4.554305315117862,0.253334620062026,0.3220330485967976
657006,Justin,Steele,3.4782882273353106,0.24456473909310142,0.2920426565651199
657024,Erik,Swanson,2.2216956798756806,0.20184077337360268,0.23628159554661024
657044,Ryan,Thompson,3.3125855515067393,0.23905710773472066,0.2752779276790226
657053,Touki,Toussaint,3.6950132766225234,0.2012750136650951,0.2952702828603714
657093,Spenser,Watkins,4.567973075720757,0.29181232641084565,0.3399292662233727
657140,Kyle,Wright,3.875751203460078,0.2403652331453511,0.30761901587563606
657240,Julian,Merryweather,4.436236790740803,0.23577617722580566,0.3226854177033445
657248,Glenn,Otto Jr.,4.87603656802811,0.2513162547029416,0.33819580040181224
657265,Peter,Strzelecki,3.9129278828407013,0.2311496752302845,0.3006071547415561
657272,Erich,Uelmen,4.046882135619245,0.22122445631927762,0.3116078257639002
657277,Logan,Webb,3.5505437111094613,0.2553994184270209,0.28801177912829334
657376,Clarke,Schmidt,3.8151880191245136,0.22996191224163628,0.29612109754787364
657508,Mike,Baumann,4.481642623636537,0.2733155429476775,0.324462405844261
657571,Caleb,Ferguson,3.075611628628088,0.20619173191360532,0.2812490843034398
657612,Tim,Hill,3.6152666693261377,0.23753810645219622,0.28286191120373877
657649,Jared,Koenig,5.473922386916675,0.2768207133831481,0.3440774125275027
657746,Joe,Ryan,4.160367043068757,0.22361860359302357,0.3052258000480759
657770,Eric,Stout,5.50344217801897,0.2275888046588319,0.3281444399439827
658431,Adonis,Medina,4.559963238532746,0.2913124095892839,0.33129882019022644
659275,Dinelson,Lamet,5.101957355489593,0.22192592409531733,0.3428865658268932
660271,Shohei,Ohtani,2.6252595536898697,0.20331687645663443,0.2558976459470155
660730,Elvin,Rodriguez,6.659264935147903,0.2829537075065201,0.38928030919979384
660761,Jose,Suarez,3.7496894015807243,0.2388359426348887,0.2948539198613215
660787,Yerry,De Los Santos,4.840940515801191,0.23679768337882712,0.33553185744877856
660813,Brusdar,Graterol,2.4453293516133,0.20855939393473322,0.24637355074526435
660853,Enyel,De Los Santos,3.9008514938845082,0.23587812963925228,0.3088382923899637
661269,Vladimir,Gutierrez,6.496201131915943,0.2673809126468093,0.37025273940741243
661309,Adrian,Martinez,5.665222559262914,0.28418816815512676,0.35924302936193575
661383,Oliver,Ortega,4.839336384345471,0.2626055295587387,0.33603140691981737
661395,Jhoan,Duran,1.9659349012489458,0.1893272856636441,0.2244856976100096
661403,Emmanuel,Clase,1.5053038310300813,0.18578888120065667,0.2095679915564313
661527,Seth,Martinez,2.607105296213929,0.205563441716941,0.25765981051530357
662253,Andres,Munoz,1.7274643164433616,0.16605639544768958,0.2016456693167943
663158,Robert,Suarez,3.43685256423741,0.20360969329668197,0.2832046197779715
663372,Ryan,Feltner,4.919129743428581,0.26509339378820757,0.33348057974428313
663423,Trent,Thornton,4.931963381515082,0.27592778239132637,0.3405792925809832
663432,Tanner,Rainey,4.457550623299441,0.23222860729691963,0.31585563343869916
663436,Davis,Martin,4.609353506965949,0.28644686384222,0.33311057093945684
663455,Konnor,Pilkington,5.249458121544244,0.24650729665056986,0.33829738294058975
663460,Kris,Bubic,6.119681874156051,0.29951110694656247,0.37341875609725217
663474,Triston,McKenzie,3.789729537249799,0.22819838951764582,0.2866949667351577
663485,Cole,Sands,4.919434963399131,0.22335004760142202,0.3309036949051607
663546,Sean,Hjelle,4.120204157818373,0.2863554437260712,0.31259080996157723
663556,Shane,McClanahan,2.729392632678865,0.20265074399040064,0.26112034847201343
663558,Jovani,Moran,2.2530504508486024,0.1799279279238349,0.23120927528173574
663559,Bailey,Falter,5.517839573232658,0.2633501678601885,0.345714193838303
663738,Daniel,Lynch,4.9438564922600685,0.27235876837153544,0.3430543738427116
663752,Cody,Morris,5.422475892702095,0.25817272916484546,0.3420732979676484
663765,Jake,Woodford,3.836081497601457,0.28226790385363254,0.30758535538579534
663776,Patrick,Sandoval,4.118375574196543,0.24946019421707807,0.31251437900045576
663855,Jordan,Hicks,3.8987329500201313,0.2196890137871531,0.30675584132449346
663903,Brady,Singer,3.9743511647450136,0.2513017591249433,0.3114794060278788
663986,Trevor,Stephan,2.2683057596534226,0.18846512585569417,0.2389485962803536
663989,Nick,Vespi,5.674943445926935,0.2976345653512213,0.36396626584469394
664062,Tony,Gonsolin,3.200213351509648,0.22861784594341603,0.281135120942084
664092,Sean,Poppen,3.989357099525913,0.22860308466611293,0.30209955178517206
664123,Scott,Effross,2.5901352675046905,0.20344190486838903,0.2531213187441213
664139,Ian,Gibaut,3.259629830110027,0.218029473696052,0.28348032985006827
664141,JT,Brubaker,4.344377724787867,0.26742728273950356,0.32683451073287834
664161,Matt,Swarmer,6.065917517187959,0.2575175828870599,0.35528887647331386
664199,Taylor,Clarke,3.383629331424674,0.23666408058160063,0.28219531003793974
664208,Phil,Maton III,4.546077353704039,0.2453241651117746,0.3164068604641183
664285,Framber,Valdez,3.6006462758569855,0.2267606368438867,0.2800876669313772
664294,Dauri,Moreta,4.264483077761306,0.23171882453315992,0.3121169075401702
664299,Cristian,Javier,2.7024520723529086,0.1751714827956701,0.2529314999880294
664337,Miguel,Yajure,7.593733591686092,0.3229755644873785,0.3944844155507805
664353,Jose,Urquidy,4.581777021007596,0.2584206968913631,0.33327034209965367
664747,Alexis,Diaz,2.9024651318960326,0.16455713944878653,0.2681597730331387
664854,Ryan,Helsley,2.1323705052306603,0.1405478526302129,0.2268232130365764
664875,Justin,Lawrence,3.5184082446251663,0.23490151781249324,0.2988100436657837
664948,Anthony,Misiewicz,4.288999305848649,0.22980345382226086,0.31158626917749294
665001,Trevor,Kelley,4.374341757226898,0.22340699031306926,0.3130121789327568
665152,Dean,Kremer,4.446291397589088,0.26691503804476463,0.32524089523371685
665621,Rony,Garcia,6.154942560795243,0.28101044788446594,0.3819726255425497
665665,Reiver,Sanmartin,3.77548450738283,0.22673249633042947,0.30798466515195894
665795,Edward,Cabrera,3.984552285523652,0.21638872789102997,0.308931636390171
665871,Javier,Assad,5.149469431707821,0.2553569887106025,0.3371008044676561
666120,Ian,Anderson,4.4593095668191784,0.25703365048188737,0.3209407492736301
666129,Braxton,Garrett,4.0692867687096586,0.2513092246125515,0.31406396176559803
666142,Cole,Ragans,4.74203588522818,0.2927963669812993,0.34281868880914984
666157,Nick,Lodolo,4.043959648122328,0.2176476431062564,0.30854530681773346
666159,Matt,Manning,4.209818940237803,0.2624465746133301,0.3163207370025766
666168,Mason,Thompson,3.40499591859464,0.24712579656755648,0.29740547194745415
666200,Jesus,Luzardo,3.6154521146782908,0.22572697097649866,0.290200179109832
666201,Alek,Manoah,3.4367896757507905,0.238314301736724,0.28313782467029636
666204,Dany,Jimenez,3.0704440097239556,0.20874417998095196,0.273001047501594
666214,Joey,Wentz,4.025589583797967,0.21966832746567694,0.30095957028732145
666374,Matt,Brash,4.674205303758336,0.26086740475716247,0.3359957397934281
666721,Max,Castillo,4.58153591862492,0.2465037484535218,0.3242212440411871
666808,Camilo,Doval,3.2251964554407406,0.20499973773007776,0.2734356058315692
667297,Tommy,Nance,4.4110799606114,0.2457165423371832,0.3141456382539312
667427,Zach,Jackson,4.153132917709287,0.1903152215379075,0.3033597724161316
667463,John,King,4.089912119700802,0.2915018848383604,0.3207441611526614
668676,Zach,Plesac,5.247097497612137,0.27382296157252695,0.35359372637732917
668678,Zac,Gallen,3.163313718840346,0.21368617870465256,0.2715682836347262
668868,Zack,Thompson,3.7155983182372214,0.24344604047579949,0.30175333029716317
668881,Hunter,Greene,4.339088629730742,0.22412598052209634,0.31680077774966753
668933,Graham,Ashcraft,3.8962904799016513,0.25842414626175164,0.30354234836991195
668948,Kirk,McCarty,5.434060309006742,0.25226163073405167,0.3532371168536036
669022,MacKenzie,Gore,4.828118405253441,0.26698404542587834,0.33707320922137585
669060,Bryse,Wilson,5.3998877112333465,0.2967898469418955,0.36386532891316664
669145,Bruce,Zimmermann,6.25460770111331,0.2960121633408059,0.3788724678641362
669160,Dustin,May,3.563329096797561,0.22150439114361936,0.29513805810963545
669169,Jonathan,Heasley,5.331599374055737,0.2821347350156772,0.3532261810159439
669203,Corbin,Burnes,3.1258108943116256,0.21771224202666226,0.26634940840763494
669211,Keegan,Akin,3.533358483543395,0.24453299160226774,0.2901628648835844
669212,Eli,Morgan,3.2182600540386317,0.20916806306445154,0.2615771828452261
669270,Joel,Kuhnel,3.5704629400365477,0.23750613696388634,0.29152318785992787
669276,Dylan,Lee,2.5166660682763613,0.197058331049596,0.24824169935619936
669302,Logan,Gilbert,4.0226929934639655,0.2531246869757157,0.3111467055020452
669330,Tyler,Wells,3.715668453178473,0.23050949210049754,0.29518200171924025
669358,Shane,Baz,4.166998285233233,0.24666724026641437,0.3136633399623915
669373,Tarik,Skubal,3.16618681571645,0.23897877283611535,0.2812224339527186
669395,Dylan,Coleman,3.948794901701614,0.21469154338919508,0.29930757179041434
669424,Jimmy,Lambert,3.4142628061140057,0.20916590513979116,0.28441706132377836
669432,Trevor,Rogers,4.700368880420624,0.26447716692669176,0.3350786343114997
669456,Shane,Bieber,3.5434860094081726,0.24435325651895956,0.2877820863131484
669459,Kyle,Nelson,4.195625313705716,0.24726025061066004,0.32014109032857824
669461,Matthew,Liberatore,5.384560879606079,0.28302469365572125,0.3553598716597475
669467,Andre,Pallante,3.1670781593142747,0.25957763475868256,0.2867941754331403
669618,Joe,Barlow,5.472842049364638,0.24146212024214378,0.34876053143427993
669674,Sam,Long,4.530201507390085,0.2555895787468899,0.3203530805837185
669713,Hayden,Wesneski,1.9770309295524755,0.18699474706747501,0.22570469713009733
669912,Kirby,Snead,4.722607915080392,0.2574304925577831,0.3189987742122487
669920,Jason,Alexander,5.100928781284816,0.2977013706111276,0.35911705047568804
669923,George,Kirby,3.287788551283,0.23988200309007002,0.27986917519418947
669952,Mitch,White,4.160426618026349,0.25821448689596516,0.3107564066946084
670036,Matt,Festa,3.958283576904072,0.23065849908981226,0.3035671897788597
670059,Colin,Holderman,3.8749012185822314,0.22320388566793767,0.296833012012838
670090,Wyatt,Mills,5.244181839202013,0.26580718767749245,0.33099948973447385
670124,Adam,Oller,6.027260604458347,0.2725730795920958,0.3557109895581826
670167,John,Schreiber,2.769831447058085,0.18482352769340266,0.24384927978557386
670174,Josh,Winckowski,4.777082433987313,0.2795283053036882,0.33444362394556715
670280,David,Bednar,3.44971249357148,0.22685207434451138,0.2894675630637543
670912,Johan,Oviedo,3.270530887729841,0.2121574543019105,0.274504553368833
670950,Trevor,Richards,4.605693636029046,0.2419375028703749,0.33384152693811364
670970,Adrian,Morejon,4.501816143567128,0.25201223395583994,0.31211005719850293
670990,Yohan,Ramirez,4.921283280577881,0.255069731979638,0.3386420735802331
671345,Jason,Foley,3.150688892330732,0.27927626030194586,0.28907901182521334
672282,Reid,Detmers,4.021002326801287,0.2518980628732581,0.31279012972232784
672335,Cionel,Perez,3.679043190706585,0.24214637167915126,0.2930150450813318
672391,Kaleb,Ort,5.209853184057546,0.2631839738246419,0.33802675326110077
672578,Carlos,Hernandez,5.426783016258029,0.27809538716518334,0.3561013527756073
672710,Roansy,Contreras,4.35231108946474,0.23914747523708452,0.31455146936492595
672851,Joan,Adon,5.973652406928877,0.2825929291075636,0.3712481117422818
674072,Tommy,Henry,4.966919935664004,0.262057404969767,0.3401369138271923
675627,Michael,Grove,3.2663296573285057,0.20370389207720335,0.28227548132533486
675911,Spencer,Strider,2.5711125077688397,0.18377463133265567,0.2443510341366149
675916,James,Karinchak,3.5950192015084332,0.19190948296101099,0.2793606188125601
675921,Spencer,Howard,5.71634936403133,0.2768709439285677,0.3543669532960779
676050,Packy,Naughton,3.3999346895932456,0.25326125365440355,0.29005168768111905
676092,Collin,Snider,6.102677678593389,0.3094501721652598,0.3806772003052614
676265,Cory,Abbott,4.9796279051741115,0.21475069530289118,0.3273653955583651
676477,Garrett,Whitlock,3.019955802144139,0.23123177951153615,0.27450704250703817
676534,Calvin,Faucher,5.799889507749921,0.275460498529692,0.36251788105626154
676596,Josh,Fleming,4.778393015508069,0.2724908124904474,0.3320848886295926
676664,JP,Sears,4.469728065676322,0.2713784067700113,0.3297065614069108
676684,Will,Vest,3.9010825001314995,0.2448885623493916,0.30879574583192504
676710,Kutter,Crawford,4.951845959576921,0.26135760702042043,0.3417895574687975
676714,Brandon,Hughes,4.044788088302434,0.22175657646358854,0.31365756459240773
676760,Ron,Marinaccio,2.4305281587860885,0.1645468103522295,0.26096312593044213
676879,Aaron,Ashby,3.746624190606028,0.22861042216785005,0.2995541918384264
677651,Luis,Garcia,3.8814369323166975,0.2300907086123555,0.2968588912121142
677865,Justin,Bruihl,3.684101517605788,0.24829680030716658,0.3022860050649881
678394,Brayan,Bello,3.537333523298419,0.252235494338359,0.2921235784364866
680686,Josiah,Gray,4.697232822037388,0.227814162114232,0.32014394935161067
680694,Kyle,Bradish,4.394598243171806,0.25572423828676893,0.32913022182320234
680704,Nick,Sandlin,3.008964972891008,0.22434281657608623,0.28037713938514175
680739,Josh,Winder,5.5695536414515345,0.28169301797068735,0.3523114575638864
681217,Chase,Silseth,5.821981529884788,0.3017117622768029,0.36811023986959546
681806,Andrew,Wantz,4.167732764108163,0.22473001621340047,0.314936186547489
681911,Alex,Vesia,3.437546652473119,0.18299062487628523,0.2727707313957486
682051,Garrett,Hill,6.060820336101625,0.28778594638169325,0.36653020270791886
682171,Penn,Murfee,2.8103267495004984,0.2037839463887588,0.2599243163306097
685503,Kohei,Arihara,5.942994142557676,0.30724162323808574,0.37708752864525436
686610,Ken,Waldichuk,4.786048098606623,0.2468840749673342,0.3343199508789988
686752,Ryan,Pepiot,5.329188670957568,0.20482084418916546,0.32928627660643267
686973,Louie,Varland,4.886549350100324,0.27511334736608417,0.33722987509456764
689225,Beau,Brieske,5.985933039087394,0.2982812276947693,0.36032256737956103
693821,Bryce,Elder,4.187012333606852,0.24564108159809395,0.3136480667653553